run_id,model,regime,family_set,family,seed,n_family,n_normal,n_test,positive_rate,precision,recall,f1,roc_auc,accuracy,balanced_accuracy,macro_f1,notes
phase6-crossera,decision_tree,cross_era,shared,backdoor,42,20000,50000,70000,0.285714,0.333245,0.9442,0.492624,0.671663,0.4443,0.59427,0.439213,"one-vs-normal on the cross_era set; same fit, zero-shot on TON_IoT (transform-only, no refit of model or preprocessor); shared-family vocabulary (schema_map.SHARED_FAMILIES)"
phase6-crossera,decision_tree,cross_era,shared,dos,42,20000,50000,70000,0.285714,0.283544,0.74765,0.411158,0.499865,0.388143,0.495995,0.387207,"one-vs-normal on the cross_era set; same fit, zero-shot on TON_IoT (transform-only, no refit of model or preprocessor); shared-family vocabulary (schema_map.SHARED_FAMILIES)"
phase6-crossera,decision_tree,cross_era,shared,scanning,42,20000,50000,70000,0.285714,0.064152,0.1295,0.0858,0.192349,0.211529,0.18692,0.196328,"one-vs-normal on the cross_era set; same fit, zero-shot on TON_IoT (transform-only, no refit of model or preprocessor); shared-family vocabulary (schema_map.SHARED_FAMILIES)"
phase6-crossera,decision_tree,in_distribution,shared,backdoor,42,583,37000,37583,0.015512,0.097383,0.982847,0.177207,0.968313,0.85842,0.919653,0.549877,"one-vs-normal on the in_distribution set; fit on UNSW train fold, scored on UNSW-test; shared-family vocabulary (schema_map.SHARED_FAMILIES)"
phase6-crossera,decision_tree,in_distribution,shared,dos,42,4089,37000,41089,0.099516,0.426272,0.965028,0.591338,0.973657,0.867264,0.910744,0.756051,"one-vs-normal on the in_distribution set; fit on UNSW train fold, scored on UNSW-test; shared-family vocabulary (schema_map.SHARED_FAMILIES)"
phase6-crossera,decision_tree,in_distribution,shared,scanning,42,3496,37000,40496,0.08633,0.392751,0.982551,0.561183,0.974928,0.867345,0.919505,0.741522,"one-vs-normal on the in_distribution set; fit on UNSW train fold, scored on UNSW-test; shared-family vocabulary (schema_map.SHARED_FAMILIES)"
phase6-crossera,dummy,cross_era,shared,backdoor,42,20000,50000,70000,0.285714,0.285714,1.0,0.444444,0.5,0.285714,0.5,0.222222,"one-vs-normal on the cross_era set; same fit, zero-shot on TON_IoT (transform-only, no refit of model or preprocessor); shared-family vocabulary (schema_map.SHARED_FAMILIES)"
phase6-crossera,dummy,cross_era,shared,dos,42,20000,50000,70000,0.285714,0.285714,1.0,0.444444,0.5,0.285714,0.5,0.222222,"one-vs-normal on the cross_era set; same fit, zero-shot on TON_IoT (transform-only, no refit of model or preprocessor); shared-family vocabulary (schema_map.SHARED_FAMILIES)"
phase6-crossera,dummy,cross_era,shared,scanning,42,20000,50000,70000,0.285714,0.285714,1.0,0.444444,0.5,0.285714,0.5,0.222222,"one-vs-normal on the cross_era set; same fit, zero-shot on TON_IoT (transform-only, no refit of model or preprocessor); shared-family vocabulary (schema_map.SHARED_FAMILIES)"
phase6-crossera,dummy,in_distribution,shared,backdoor,42,583,37000,37583,0.015512,0.015512,1.0,0.030551,0.5,0.015512,0.5,0.015275,"one-vs-normal on the in_distribution set; fit on UNSW train fold, scored on UNSW-test; shared-family vocabulary (schema_map.SHARED_FAMILIES)"
phase6-crossera,dummy,in_distribution,shared,dos,42,4089,37000,41089,0.099516,0.099516,1.0,0.181017,0.5,0.099516,0.5,0.090509,"one-vs-normal on the in_distribution set; fit on UNSW train fold, scored on UNSW-test; shared-family vocabulary (schema_map.SHARED_FAMILIES)"
phase6-crossera,dummy,in_distribution,shared,scanning,42,3496,37000,40496,0.08633,0.08633,1.0,0.158938,0.5,0.08633,0.5,0.079469,"one-vs-normal on the in_distribution set; fit on UNSW train fold, scored on UNSW-test; shared-family vocabulary (schema_map.SHARED_FAMILIES)"
phase6-crossera,random_forest,cross_era,shared,backdoor,42,20000,50000,70000,0.285714,0.001166,0.0023,0.001547,0.137028,0.151857,0.10699,0.13219,"one-vs-normal on the cross_era set; same fit, zero-shot on TON_IoT (transform-only, no refit of model or preprocessor); shared-family vocabulary (schema_map.SHARED_FAMILIES)"
phase6-crossera,random_forest,cross_era,shared,dos,42,20000,50000,70000,0.285714,0.049782,0.10325,0.067175,0.127611,0.1807,0.157465,0.168383,"one-vs-normal on the cross_era set; same fit, zero-shot on TON_IoT (transform-only, no refit of model or preprocessor); shared-family vocabulary (schema_map.SHARED_FAMILIES)"
phase6-crossera,random_forest,cross_era,shared,scanning,42,20000,50000,70000,0.285714,0.007004,0.0139,0.009314,0.043154,0.155171,0.11279,0.136453,"one-vs-normal on the cross_era set; same fit, zero-shot on TON_IoT (transform-only, no refit of model or preprocessor); shared-family vocabulary (schema_map.SHARED_FAMILIES)"
phase6-crossera,random_forest,in_distribution,shared,backdoor,42,583,37000,37583,0.015512,0.092197,0.993139,0.168731,0.995275,0.848203,0.919529,0.542603,"one-vs-normal on the in_distribution set; fit on UNSW train fold, scored on UNSW-test; shared-family vocabulary (schema_map.SHARED_FAMILIES)"
phase6-crossera,random_forest,in_distribution,shared,dos,42,4089,37000,41089,0.099516,0.413719,0.983859,0.582495,0.990532,0.859646,0.914889,0.749069,"one-vs-normal on the in_distribution set; fit on UNSW train fold, scored on UNSW-test; shared-family vocabulary (schema_map.SHARED_FAMILIES)"
phase6-crossera,random_forest,in_distribution,shared,scanning,42,3496,37000,40496,0.08633,0.377552,0.98913,0.546503,0.989239,0.858282,0.917525,0.731261,"one-vs-normal on the in_distribution set; fit on UNSW train fold, scored on UNSW-test; shared-family vocabulary (schema_map.SHARED_FAMILIES)"
phase6-crossera,scratch_logreg,cross_era,shared,backdoor,42,20000,50000,70000,0.285714,0.000375,0.0005,0.000428,0.116619,0.333343,0.23349,0.250166,"one-vs-normal on the cross_era set; same fit, zero-shot on TON_IoT (transform-only, no refit of model or preprocessor); shared-family vocabulary (schema_map.SHARED_FAMILIES)"
phase6-crossera,scratch_logreg,cross_era,shared,dos,42,20000,50000,70000,0.285714,0.055215,0.07795,0.064642,0.189549,0.355471,0.272215,0.286492,"one-vs-normal on the cross_era set; same fit, zero-shot on TON_IoT (transform-only, no refit of model or preprocessor); shared-family vocabulary (schema_map.SHARED_FAMILIES)"
phase6-crossera,scratch_logreg,cross_era,shared,scanning,42,20000,50000,70000,0.285714,0.023394,0.03195,0.02701,0.065996,0.342329,0.249215,0.265153,"one-vs-normal on the cross_era set; same fit, zero-shot on TON_IoT (transform-only, no refit of model or preprocessor); shared-family vocabulary (schema_map.SHARED_FAMILIES)"
phase6-crossera,scratch_logreg,in_distribution,shared,backdoor,42,583,37000,37583,0.015512,0.041188,0.93482,0.0789,0.95867,0.661416,0.795964,0.435743,"one-vs-normal on the in_distribution set; fit on UNSW train fold, scored on UNSW-test; shared-family vocabulary (schema_map.SHARED_FAMILIES)"
phase6-crossera,scratch_logreg,in_distribution,shared,dos,42,4089,37000,41089,0.099516,0.214038,0.84495,0.341555,0.898908,0.675801,0.751029,0.563258,"one-vs-normal on the in_distribution set; fit on UNSW train fold, scored on UNSW-test; shared-family vocabulary (schema_map.SHARED_FAMILIES)"
phase6-crossera,scratch_logreg,in_distribution,shared,scanning,42,3496,37000,40496,0.08633,0.21189,0.975686,0.348168,0.837547,0.684611,0.816397,0.570074,"one-vs-normal on the in_distribution set; fit on UNSW train fold, scored on UNSW-test; shared-family vocabulary (schema_map.SHARED_FAMILIES)"
phase6-crossera,scratch_mlp,cross_era,shared,backdoor,42,20000,50000,70000,0.285714,0.000533,0.0009,0.00067,0.101877,0.232743,0.16319,0.189006,"one-vs-normal on the cross_era set; same fit, zero-shot on TON_IoT (transform-only, no refit of model or preprocessor); shared-family vocabulary (schema_map.SHARED_FAMILIES)"
phase6-crossera,scratch_mlp,cross_era,shared,dos,42,20000,50000,70000,0.285714,0.062568,0.11255,0.080426,0.145182,0.264643,0.219015,0.233898,"one-vs-normal on the cross_era set; same fit, zero-shot on TON_IoT (transform-only, no refit of model or preprocessor); shared-family vocabulary (schema_map.SHARED_FAMILIES)"
phase6-crossera,scratch_mlp,cross_era,shared,scanning,42,20000,50000,70000,0.285714,0.01725,0.0296,0.021798,0.062126,0.240943,0.17754,0.200834,"one-vs-normal on the cross_era set; same fit, zero-shot on TON_IoT (transform-only, no refit of model or preprocessor); shared-family vocabulary (schema_map.SHARED_FAMILIES)"
phase6-crossera,scratch_mlp,in_distribution,shared,backdoor,42,583,37000,37583,0.015512,0.101562,0.981132,0.184071,0.992208,0.865072,0.922188,0.555263,"one-vs-normal on the in_distribution set; fit on UNSW train fold, scored on UNSW-test; shared-family vocabulary (schema_map.SHARED_FAMILIES)"
phase6-crossera,scratch_mlp,in_distribution,shared,dos,42,4089,37000,41089,0.099516,0.428507,0.927855,0.586263,0.972944,0.869673,0.895549,0.754459,"one-vs-normal on the in_distribution set; fit on UNSW train fold, scored on UNSW-test; shared-family vocabulary (schema_map.SHARED_FAMILIES)"
phase6-crossera,scratch_mlp,in_distribution,shared,scanning,42,3496,37000,40496,0.08633,0.40302,0.977117,0.570665,0.963165,0.873074,0.92018,0.748097,"one-vs-normal on the in_distribution set; fit on UNSW train fold, scored on UNSW-test; shared-family vocabulary (schema_map.SHARED_FAMILIES)"
phase6-crossera,svm,cross_era,shared,backdoor,42,20000,50000,70000,0.285714,0.000373,0.0005,0.000427,0.100279,0.331843,0.23244,0.249321,"one-vs-normal on the cross_era set; same fit, zero-shot on TON_IoT (transform-only, no refit of model or preprocessor); shared-family vocabulary (schema_map.SHARED_FAMILIES)"
phase6-crossera,svm,cross_era,shared,dos,42,20000,50000,70000,0.285714,0.055111,0.0781,0.064622,0.180341,0.354014,0.27124,0.285636,"one-vs-normal on the cross_era set; same fit, zero-shot on TON_IoT (transform-only, no refit of model or preprocessor); shared-family vocabulary (schema_map.SHARED_FAMILIES)"
phase6-crossera,svm,cross_era,shared,scanning,42,20000,50000,70000,0.285714,0.022627,0.031,0.02616,0.079055,0.340557,0.24769,0.263828,"one-vs-normal on the cross_era set; same fit, zero-shot on TON_IoT (transform-only, no refit of model or preprocessor); shared-family vocabulary (schema_map.SHARED_FAMILIES)"
phase6-crossera,svm,in_distribution,shared,backdoor,42,583,37000,37583,0.015512,0.039675,0.953688,0.07618,0.960875,0.641194,0.794979,0.426771,"one-vs-normal on the in_distribution set; fit on UNSW train fold, scored on UNSW-test; shared-family vocabulary (schema_map.SHARED_FAMILIES)"
phase6-crossera,svm,in_distribution,shared,dos,42,4089,37000,41089,0.099516,0.2077,0.862803,0.334804,0.898791,0.658814,0.749536,0.552686,"one-vs-normal on the in_distribution set; fit on UNSW train fold, scored on UNSW-test; shared-family vocabulary (schema_map.SHARED_FAMILIES)"
phase6-crossera,svm,in_distribution,shared,scanning,42,3496,37000,40496,0.08633,0.201021,0.968535,0.33294,0.846704,0.664955,0.802403,0.554619,"one-vs-normal on the in_distribution set; fit on UNSW train fold, scored on UNSW-test; shared-family vocabulary (schema_map.SHARED_FAMILIES)"
phase7-recovery-ceiling,decision_tree,target_frozen_test,native,backdoor,42,9911,25000,34911,0.283893,0.980303,0.999294,0.989707,0.998601,0.994099,0.995667,0.992786,"one-vs-normal against the frozen half's normal rows; budget 100.00% of the pool, n_ft=105522; TON_IoT's own attack types (schema_map.FAMILY_NATIVE_COL)"
phase7-recovery-ceiling,decision_tree,target_frozen_test,native,ddos,42,9942,25000,34942,0.284529,0.980036,0.982599,0.981316,0.998272,0.989354,0.98732,0.986936,"one-vs-normal against the frozen half's normal rows; budget 100.00% of the pool, n_ft=105522; TON_IoT's own attack types (schema_map.FAMILY_NATIVE_COL)"
phase7-recovery-ceiling,decision_tree,target_frozen_test,native,dos,42,9893,25000,34893,0.283524,0.98013,0.992217,0.986136,0.998255,0.99209,0.992128,0.990301,"one-vs-normal against the frozen half's normal rows; budget 100.00% of the pool, n_ft=105522; TON_IoT's own attack types (schema_map.FAMILY_NATIVE_COL)"
phase7-recovery-ceiling,decision_tree,target_frozen_test,native,injection,42,10094,25000,35094,0.287628,0.980582,0.995542,0.988005,0.998413,0.993047,0.993791,0.991555,"one-vs-normal against the frozen half's normal rows; budget 100.00% of the pool, n_ft=105522; TON_IoT's own attack types (schema_map.FAMILY_NATIVE_COL)"
phase7-recovery-ceiling,decision_tree,target_frozen_test,native,mitm,42,518,25000,25518,0.020299,0.673235,0.791506,0.727595,0.991104,0.987969,0.891773,0.860722,"one-vs-normal against the frozen half's normal rows; budget 100.00% of the pool, n_ft=105522; TON_IoT's own attack types (schema_map.FAMILY_NATIVE_COL)"
phase7-recovery-ceiling,decision_tree,target_frozen_test,native,password,42,10159,25000,35159,0.288945,0.980711,0.995964,0.988279,0.998579,0.993174,0.994002,0.991732,"one-vs-normal against the frozen half's normal rows; budget 100.00% of the pool, n_ft=105522; TON_IoT's own attack types (schema_map.FAMILY_NATIVE_COL)"
phase7-recovery-ceiling,decision_tree,target_frozen_test,native,ransomware,42,9963,25000,34963,0.284958,0.980386,0.998394,0.989308,0.998391,0.993851,0.995217,0.992496,"one-vs-normal against the frozen half's normal rows; budget 100.00% of the pool, n_ft=105522; TON_IoT's own attack types (schema_map.FAMILY_NATIVE_COL)"
phase7-recovery-ceiling,decision_tree,target_frozen_test,native,scanning,42,10034,25000,35034,0.286407,0.980511,0.997807,0.989084,0.998673,0.993692,0.994924,0.992324,"one-vs-normal against the frozen half's normal rows; budget 100.00% of the pool, n_ft=105522; TON_IoT's own attack types (schema_map.FAMILY_NATIVE_COL)"
phase7-recovery-ceiling,decision_tree,target_frozen_test,native,xss,42,10007,25000,35007,0.285857,0.98035,0.992106,0.986193,0.998288,0.992059,0.992073,0.99031,"one-vs-normal against the frozen half's normal rows; budget 100.00% of the pool, n_ft=105522; TON_IoT's own attack types (schema_map.FAMILY_NATIVE_COL)"
phase7-recovery-ceiling,dummy,target_frozen_test,native,backdoor,42,9911,25000,34911,0.283893,0.283893,1.0,0.442238,0.5,0.283893,0.5,0.221119,"one-vs-normal against the frozen half's normal rows; budget 100.00% of the pool, n_ft=105522; TON_IoT's own attack types (schema_map.FAMILY_NATIVE_COL)"
phase7-recovery-ceiling,dummy,target_frozen_test,native,ddos,42,9942,25000,34942,0.284529,0.284529,1.0,0.443009,0.5,0.284529,0.5,0.221504,"one-vs-normal against the frozen half's normal rows; budget 100.00% of the pool, n_ft=105522; TON_IoT's own attack types (schema_map.FAMILY_NATIVE_COL)"
phase7-recovery-ceiling,dummy,target_frozen_test,native,dos,42,9893,25000,34893,0.283524,0.283524,1.0,0.44179,0.5,0.283524,0.5,0.220895,"one-vs-normal against the frozen half's normal rows; budget 100.00% of the pool, n_ft=105522; TON_IoT's own attack types (schema_map.FAMILY_NATIVE_COL)"
phase7-recovery-ceiling,dummy,target_frozen_test,native,injection,42,10094,25000,35094,0.287628,0.287628,1.0,0.446756,0.5,0.287628,0.5,0.223378,"one-vs-normal against the frozen half's normal rows; budget 100.00% of the pool, n_ft=105522; TON_IoT's own attack types (schema_map.FAMILY_NATIVE_COL)"
phase7-recovery-ceiling,dummy,target_frozen_test,native,mitm,42,518,25000,25518,0.020299,0.020299,1.0,0.039791,0.5,0.020299,0.5,0.019896,"one-vs-normal against the frozen half's normal rows; budget 100.00% of the pool, n_ft=105522; TON_IoT's own attack types (schema_map.FAMILY_NATIVE_COL)"
phase7-recovery-ceiling,dummy,target_frozen_test,native,password,42,10159,25000,35159,0.288945,0.288945,1.0,0.448343,0.5,0.288945,0.5,0.224171,"one-vs-normal against the frozen half's normal rows; budget 100.00% of the pool, n_ft=105522; TON_IoT's own attack types (schema_map.FAMILY_NATIVE_COL)"
phase7-recovery-ceiling,dummy,target_frozen_test,native,ransomware,42,9963,25000,34963,0.284958,0.284958,1.0,0.443529,0.5,0.284958,0.5,0.221765,"one-vs-normal against the frozen half's normal rows; budget 100.00% of the pool, n_ft=105522; TON_IoT's own attack types (schema_map.FAMILY_NATIVE_COL)"
phase7-recovery-ceiling,dummy,target_frozen_test,native,scanning,42,10034,25000,35034,0.286407,0.286407,1.0,0.445283,0.5,0.286407,0.5,0.222641,"one-vs-normal against the frozen half's normal rows; budget 100.00% of the pool, n_ft=105522; TON_IoT's own attack types (schema_map.FAMILY_NATIVE_COL)"
phase7-recovery-ceiling,dummy,target_frozen_test,native,xss,42,10007,25000,35007,0.285857,0.285857,1.0,0.444617,0.5,0.285857,0.5,0.222309,"one-vs-normal against the frozen half's normal rows; budget 100.00% of the pool, n_ft=105522; TON_IoT's own attack types (schema_map.FAMILY_NATIVE_COL)"
phase7-recovery-ceiling,random_forest,target_frozen_test,native,backdoor,42,9911,25000,34911,0.283893,0.980602,0.999697,0.990057,0.999893,0.9943,0.995929,0.993031,"one-vs-normal against the frozen half's normal rows; budget 100.00% of the pool, n_ft=105522; TON_IoT's own attack types (schema_map.FAMILY_NATIVE_COL)"
phase7-recovery-ceiling,random_forest,target_frozen_test,native,ddos,42,9942,25000,34942,0.284529,0.98048,0.990243,0.985338,0.999654,0.991615,0.991202,0.989733,"one-vs-normal against the frozen half's normal rows; budget 100.00% of the pool, n_ft=105522; TON_IoT's own attack types (schema_map.FAMILY_NATIVE_COL)"
phase7-recovery-ceiling,random_forest,target_frozen_test,native,dos,42,9893,25000,34893,0.283524,0.980552,0.998888,0.989635,0.999791,0.994068,0.995524,0.99274,"one-vs-normal against the frozen half's normal rows; budget 100.00% of the pool, n_ft=105522; TON_IoT's own attack types (schema_map.FAMILY_NATIVE_COL)"
phase7-recovery-ceiling,random_forest,target_frozen_test,native,injection,42,10094,25000,35094,0.287628,0.98093,0.998811,0.98979,0.999647,0.994073,0.995486,0.992807,"one-vs-normal against the frozen half's normal rows; budget 100.00% of the pool, n_ft=105522; TON_IoT's own attack types (schema_map.FAMILY_NATIVE_COL)"
phase7-recovery-ceiling,random_forest,target_frozen_test,native,mitm,42,518,25000,25518,0.020299,0.719599,0.971042,0.826623,0.997384,0.991731,0.981601,0.911194,"one-vs-normal against the frozen half's normal rows; budget 100.00% of the pool, n_ft=105522; TON_IoT's own attack types (schema_map.FAMILY_NATIVE_COL)"
phase7-recovery-ceiling,random_forest,target_frozen_test,native,password,42,10159,25000,35159,0.288945,0.981065,0.999606,0.990249,0.999763,0.994312,0.995883,0.993117,"one-vs-normal against the frozen half's normal rows; budget 100.00% of the pool, n_ft=105522; TON_IoT's own attack types (schema_map.FAMILY_NATIVE_COL)"
phase7-recovery-ceiling,random_forest,target_frozen_test,native,ransomware,42,9963,25000,34963,0.284958,0.980676,0.998394,0.989456,0.999819,0.993936,0.995277,0.9926,"one-vs-normal against the frozen half's normal rows; budget 100.00% of the pool, n_ft=105522; TON_IoT's own attack types (schema_map.FAMILY_NATIVE_COL)"
phase7-recovery-ceiling,random_forest,target_frozen_test,native,scanning,42,10034,25000,35034,0.286407,0.980835,0.999701,0.990178,0.999878,0.99432,0.995931,0.993091,"one-vs-normal against the frozen half's normal rows; budget 100.00% of the pool, n_ft=105522; TON_IoT's own attack types (schema_map.FAMILY_NATIVE_COL)"
phase7-recovery-ceiling,random_forest,target_frozen_test,native,xss,42,10007,25000,35007,0.285857,0.980779,0.9994,0.990002,0.999756,0.99423,0.99578,0.992973,"one-vs-normal against the frozen half's normal rows; budget 100.00% of the pool, n_ft=105522; TON_IoT's own attack types (schema_map.FAMILY_NATIVE_COL)"
phase7-recovery-ceiling,scratch_logreg,target_frozen_test,native,backdoor,42,9911,25000,34911,0.283893,0.943524,0.999596,0.970751,0.999457,0.982899,0.987938,0.979334,"one-vs-normal against the frozen half's normal rows; budget 100.00% of the pool, n_ft=105522; TON_IoT's own attack types (schema_map.FAMILY_NATIVE_COL)"
phase7-recovery-ceiling,scratch_logreg,target_frozen_test,native,ddos,42,9942,25000,34942,0.284529,0.932452,0.823376,0.874526,0.978376,0.932774,0.899828,0.914307,"one-vs-normal against the frozen half's normal rows; budget 100.00% of the pool, n_ft=105522; TON_IoT's own attack types (schema_map.FAMILY_NATIVE_COL)"
phase7-recovery-ceiling,scratch_logreg,target_frozen_test,native,dos,42,9893,25000,34893,0.283524,0.937189,0.89437,0.915279,0.972769,0.953056,0.935325,0.941406,"one-vs-normal against the frozen half's normal rows; budget 100.00% of the pool, n_ft=105522; TON_IoT's own attack types (schema_map.FAMILY_NATIVE_COL)"
phase7-recovery-ceiling,scratch_logreg,target_frozen_test,native,injection,42,10094,25000,35094,0.287628,0.942887,0.969883,0.956195,0.989726,0.97444,0.973082,0.969075,"one-vs-normal against the frozen half's normal rows; budget 100.00% of the pool, n_ft=105522; TON_IoT's own attack types (schema_map.FAMILY_NATIVE_COL)"
phase7-recovery-ceiling,scratch_logreg,target_frozen_test,native,mitm,42,518,25000,25518,0.020299,0.221785,0.326255,0.264062,0.904072,0.963085,0.651267,0.622565,"one-vs-normal against the frozen half's normal rows; budget 100.00% of the pool, n_ft=105522; TON_IoT's own attack types (schema_map.FAMILY_NATIVE_COL)"
phase7-recovery-ceiling,scratch_logreg,target_frozen_test,native,password,42,10159,25000,35159,0.288945,0.944109,0.986022,0.964611,0.994478,0.979095,0.981151,0.974888,"one-vs-normal against the frozen half's normal rows; budget 100.00% of the pool, n_ft=105522; TON_IoT's own attack types (schema_map.FAMILY_NATIVE_COL)"
phase7-recovery-ceiling,scratch_logreg,target_frozen_test,native,ransomware,42,9963,25000,34963,0.284958,0.943199,0.988357,0.96525,0.991631,0.979721,0.982318,0.975467,"one-vs-normal against the frozen half's normal rows; budget 100.00% of the pool, n_ft=105522; TON_IoT's own attack types (schema_map.FAMILY_NATIVE_COL)"
phase7-recovery-ceiling,scratch_logreg,target_frozen_test,native,scanning,42,10034,25000,35034,0.286407,0.942689,0.972095,0.957166,0.994295,0.975081,0.974187,0.969798,"one-vs-normal against the frozen half's normal rows; budget 100.00% of the pool, n_ft=105522; TON_IoT's own attack types (schema_map.FAMILY_NATIVE_COL)"
phase7-recovery-ceiling,scratch_logreg,target_frozen_test,native,xss,42,10007,25000,35007,0.285857,0.937638,0.890976,0.913712,0.99069,0.951895,0.933628,0.940182,"one-vs-normal against the frozen half's normal rows; budget 100.00% of the pool, n_ft=105522; TON_IoT's own attack types (schema_map.FAMILY_NATIVE_COL)"
phase7-recovery-ceiling,scratch_mlp,target_frozen_test,native,backdoor,42,9911,25000,34911,0.283893,0.845937,0.99889,0.916073,0.995875,0.948039,0.963385,0.939222,"one-vs-normal against the frozen half's normal rows; budget 100.00% of the pool, n_ft=105522; TON_IoT's own attack types (schema_map.FAMILY_NATIVE_COL)"
phase7-recovery-ceiling,scratch_mlp,target_frozen_test,native,ddos,42,9942,25000,34942,0.284529,0.825814,0.859787,0.842458,0.965879,0.908506,0.893833,0.888995,"one-vs-normal against the frozen half's normal rows; budget 100.00% of the pool, n_ft=105522; TON_IoT's own attack types (schema_map.FAMILY_NATIVE_COL)"
phase7-recovery-ceiling,scratch_mlp,target_frozen_test,native,dos,42,9893,25000,34893,0.283524,0.831085,0.896695,0.862644,0.968528,0.919038,0.912287,0.902624,"one-vs-normal against the frozen half's normal rows; budget 100.00% of the pool, n_ft=105522; TON_IoT's own attack types (schema_map.FAMILY_NATIVE_COL)"
phase7-recovery-ceiling,scratch_mlp,target_frozen_test,native,injection,42,10094,25000,35094,0.287628,0.846814,0.987418,0.911727,0.984788,0.945005,0.957649,0.935894,"one-vs-normal against the frozen half's normal rows; budget 100.00% of the pool, n_ft=105522; TON_IoT's own attack types (schema_map.FAMILY_NATIVE_COL)"
phase7-recovery-ceiling,scratch_mlp,target_frozen_test,native,mitm,42,518,25000,25518,0.020299,0.158656,0.656371,0.255543,0.906435,0.922369,0.792125,0.607296,"one-vs-normal against the frozen half's normal rows; budget 100.00% of the pool, n_ft=105522; TON_IoT's own attack types (schema_map.FAMILY_NATIVE_COL)"
phase7-recovery-ceiling,scratch_mlp,target_frozen_test,native,password,42,10159,25000,35159,0.288945,0.848678,0.995374,0.916191,0.990143,0.947382,0.961627,0.938922,"one-vs-normal against the frozen half's normal rows; budget 100.00% of the pool, n_ft=105522; TON_IoT's own attack types (schema_map.FAMILY_NATIVE_COL)"
phase7-recovery-ceiling,scratch_mlp,target_frozen_test,native,ransomware,42,9963,25000,34963,0.284958,0.843136,0.972699,0.903295,0.975698,0.940652,0.950289,0.930242,"one-vs-normal against the frozen half's normal rows; budget 100.00% of the pool, n_ft=105522; TON_IoT's own attack types (schema_map.FAMILY_NATIVE_COL)"
phase7-recovery-ceiling,scratch_mlp,target_frozen_test,native,scanning,42,10034,25000,35034,0.286407,0.845076,0.980167,0.907623,0.986521,0.942856,0.954024,0.933128,"one-vs-normal against the frozen half's normal rows; budget 100.00% of the pool, n_ft=105522; TON_IoT's own attack types (schema_map.FAMILY_NATIVE_COL)"
phase7-recovery-ceiling,scratch_mlp,target_frozen_test,native,xss,42,10007,25000,35007,0.285857,0.843122,0.968322,0.901395,0.982553,0.939441,0.948101,0.928848,"one-vs-normal against the frozen half's normal rows; budget 100.00% of the pool, n_ft=105522; TON_IoT's own attack types (schema_map.FAMILY_NATIVE_COL)"
phase7-recovery-ceiling,svm,target_frozen_test,native,backdoor,42,9911,25000,34911,0.283893,0.947132,0.999596,0.972657,0.999528,0.984045,0.988738,0.980697,"one-vs-normal against the frozen half's normal rows; budget 100.00% of the pool, n_ft=105522; TON_IoT's own attack types (schema_map.FAMILY_NATIVE_COL)"
phase7-recovery-ceiling,svm,target_frozen_test,native,ddos,42,9942,25000,34942,0.284529,0.936451,0.819654,0.874169,0.980738,0.93286,0.898767,0.914192,"one-vs-normal against the frozen half's normal rows; budget 100.00% of the pool, n_ft=105522; TON_IoT's own attack types (schema_map.FAMILY_NATIVE_COL)"
phase7-recovery-ceiling,svm,target_frozen_test,native,dos,42,9893,25000,34893,0.283524,0.941145,0.893864,0.916896,0.972815,0.95406,0.935872,0.942576,"one-vs-normal against the frozen half's normal rows; budget 100.00% of the pool, n_ft=105522; TON_IoT's own attack types (schema_map.FAMILY_NATIVE_COL)"
phase7-recovery-ceiling,svm,target_frozen_test,native,injection,42,10094,25000,35094,0.287628,0.946586,0.970874,0.958576,0.988844,0.975865,0.974377,0.970774,"one-vs-normal against the frozen half's normal rows; budget 100.00% of the pool, n_ft=105522; TON_IoT's own attack types (schema_map.FAMILY_NATIVE_COL)"
phase7-recovery-ceiling,svm,target_frozen_test,native,mitm,42,518,25000,25518,0.020299,0.167169,0.214286,0.187817,0.900137,0.962379,0.596083,0.584281,"one-vs-normal against the frozen half's normal rows; budget 100.00% of the pool, n_ft=105522; TON_IoT's own attack types (schema_map.FAMILY_NATIVE_COL)"
phase7-recovery-ceiling,svm,target_frozen_test,native,password,42,10159,25000,35159,0.288945,0.947662,0.985629,0.966273,0.994732,0.980119,0.981754,0.976089,"one-vs-normal against the frozen half's normal rows; budget 100.00% of the pool, n_ft=105522; TON_IoT's own attack types (schema_map.FAMILY_NATIVE_COL)"
phase7-recovery-ceiling,svm,target_frozen_test,native,ransomware,42,9963,25000,34963,0.284958,0.946827,0.988357,0.967146,0.99055,0.980865,0.983118,0.976824,"one-vs-normal against the frozen half's normal rows; budget 100.00% of the pool, n_ft=105522; TON_IoT's own attack types (schema_map.FAMILY_NATIVE_COL)"
phase7-recovery-ceiling,svm,target_frozen_test,native,scanning,42,10034,25000,35034,0.286407,0.946305,0.971298,0.958639,0.99301,0.975995,0.974589,0.970865,"one-vs-normal against the frozen half's normal rows; budget 100.00% of the pool, n_ft=105522; TON_IoT's own attack types (schema_map.FAMILY_NATIVE_COL)"
phase7-recovery-ceiling,svm,target_frozen_test,native,xss,42,10007,25000,35007,0.285857,0.940988,0.881183,0.910104,0.989305,0.950239,0.929532,0.937851,"one-vs-normal against the frozen half's normal rows; budget 100.00% of the pool, n_ft=105522; TON_IoT's own attack types (schema_map.FAMILY_NATIVE_COL)"
phase7-recovery-ceiling-no_freeze,scratch_mlp,target_frozen_test,native,backdoor,42,9911,25000,34911,0.283893,0.980575,0.998285,0.989351,0.999952,0.993899,0.995222,0.992538,"one-vs-normal against the frozen half's normal rows; budget 100.00% of the pool, n_ft=105522; TON_IoT's own attack types (schema_map.FAMILY_NATIVE_COL)"
phase7-recovery-ceiling-no_freeze,scratch_mlp,target_frozen_test,native,ddos,42,9942,25000,34942,0.284529,0.979259,0.930799,0.954414,0.995196,0.974701,0.961479,0.968453,"one-vs-normal against the frozen half's normal rows; budget 100.00% of the pool, n_ft=105522; TON_IoT's own attack types (schema_map.FAMILY_NATIVE_COL)"
phase7-recovery-ceiling-no_freeze,scratch_mlp,target_frozen_test,native,dos,42,9893,25000,34893,0.283524,0.979407,0.942282,0.960486,0.9981,0.978019,0.967221,0.97263,"one-vs-normal against the frozen half's normal rows; budget 100.00% of the pool, n_ft=105522; TON_IoT's own attack types (schema_map.FAMILY_NATIVE_COL)"
phase7-recovery-ceiling-no_freeze,scratch_mlp,target_frozen_test,native,injection,42,10094,25000,35094,0.287628,0.980867,0.995443,0.988101,0.997933,0.993104,0.993801,0.991623,"one-vs-normal against the frozen half's normal rows; budget 100.00% of the pool, n_ft=105522; TON_IoT's own attack types (schema_map.FAMILY_NATIVE_COL)"
phase7-recovery-ceiling-no_freeze,scratch_mlp,target_frozen_test,native,mitm,42,518,25000,25518,0.020299,0.582979,0.528958,0.554656,0.978236,0.982757,0.760559,0.772932,"one-vs-normal against the frozen half's normal rows; budget 100.00% of the pool, n_ft=105522; TON_IoT's own attack types (schema_map.FAMILY_NATIVE_COL)"
phase7-recovery-ceiling-no_freeze,scratch_mlp,target_frozen_test,native,password,42,10159,25000,35159,0.288945,0.980945,0.993208,0.987038,0.998364,0.992463,0.992684,0.990862,"one-vs-normal against the frozen half's normal rows; budget 100.00% of the pool, n_ft=105522; TON_IoT's own attack types (schema_map.FAMILY_NATIVE_COL)"
phase7-recovery-ceiling-no_freeze,scratch_mlp,target_frozen_test,native,ransomware,42,9963,25000,34963,0.284958,0.980484,0.988357,0.984405,0.997553,0.991076,0.990258,0.989077,"one-vs-normal against the frozen half's normal rows; budget 100.00% of the pool, n_ft=105522; TON_IoT's own attack types (schema_map.FAMILY_NATIVE_COL)"
phase7-recovery-ceiling-no_freeze,scratch_mlp,target_frozen_test,native,scanning,42,10034,25000,35034,0.286407,0.980724,0.993821,0.987229,0.999425,0.992636,0.992991,0.991028,"one-vs-normal against the frozen half's normal rows; budget 100.00% of the pool, n_ft=105522; TON_IoT's own attack types (schema_map.FAMILY_NATIVE_COL)"
phase7-recovery-ceiling-no_freeze,scratch_mlp,target_frozen_test,native,xss,42,10007,25000,35007,0.285857,0.980386,0.979015,0.9797,0.998239,0.988402,0.985587,0.985791,"one-vs-normal against the frozen half's normal rows; budget 100.00% of the pool, n_ft=105522; TON_IoT's own attack types (schema_map.FAMILY_NATIVE_COL)"
phase7-recovery-f0.00,decision_tree,target_frozen_test,native,backdoor,42,9911,25000,34911,0.283893,0.330915,0.943497,0.489979,0.67127,0.442382,0.593609,0.437483,"one-vs-normal against the frozen half's normal rows; budget 0.00% of the pool, n_ft=0; TON_IoT's own attack types (schema_map.FAMILY_NATIVE_COL)"
phase7-recovery-f0.00,decision_tree,target_frozen_test,native,ddos,42,9942,25000,34942,0.284529,0.263947,0.681955,0.380589,0.526149,0.368411,0.462838,0.368166,"one-vs-normal against the frozen half's normal rows; budget 0.00% of the pool, n_ft=0; TON_IoT's own attack types (schema_map.FAMILY_NATIVE_COL)"
phase7-recovery-f0.00,decision_tree,target_frozen_test,native,dos,42,9893,25000,34893,0.283524,0.280884,0.746487,0.40818,0.499274,0.386267,0.495104,0.385424,"one-vs-normal against the frozen half's normal rows; budget 0.00% of the pool, n_ft=0; TON_IoT's own attack types (schema_map.FAMILY_NATIVE_COL)"
phase7-recovery-f0.00,decision_tree,target_frozen_test,native,injection,42,10094,25000,35094,0.287628,0.115462,0.244502,0.156853,0.260493,0.243945,0.244111,0.235791,"one-vs-normal against the frozen half's normal rows; budget 0.00% of the pool, n_ft=0; TON_IoT's own attack types (schema_map.FAMILY_NATIVE_COL)"
phase7-recovery-f0.00,decision_tree,target_frozen_test,native,mitm,42,518,25000,25518,0.020299,0.014079,0.521236,0.027418,0.45863,0.249353,0.382478,0.208119,"one-vs-normal against the frozen half's normal rows; budget 0.00% of the pool, n_ft=0; TON_IoT's own attack types (schema_map.FAMILY_NATIVE_COL)"
phase7-recovery-f0.00,decision_tree,target_frozen_test,native,password,42,10159,25000,35159,0.288945,0.133581,0.286938,0.182296,0.234125,0.256208,0.265329,0.25008,"one-vs-normal against the frozen half's normal rows; budget 0.00% of the pool, n_ft=0; TON_IoT's own attack types (schema_map.FAMILY_NATIVE_COL)"
phase7-recovery-f0.00,decision_tree,target_frozen_test,native,ransomware,42,9963,25000,34963,0.284958,0.084983,0.176252,0.114674,0.210484,0.224494,0.209986,0.212375,"one-vs-normal against the frozen half's normal rows; budget 0.00% of the pool, n_ft=0; TON_IoT's own attack types (schema_map.FAMILY_NATIVE_COL)"
phase7-recovery-f0.00,decision_tree,target_frozen_test,native,scanning,42,10034,25000,35034,0.286407,0.064242,0.12936,0.085849,0.191683,0.210966,0.18654,0.195904,"one-vs-normal against the frozen half's normal rows; budget 0.00% of the pool, n_ft=0; TON_IoT's own attack types (schema_map.FAMILY_NATIVE_COL)"
phase7-recovery-f0.00,decision_tree,target_frozen_test,native,xss,42,10007,25000,35007,0.285857,0.087192,0.180474,0.117578,0.224739,0.225641,0.212097,0.213851,"one-vs-normal against the frozen half's normal rows; budget 0.00% of the pool, n_ft=0; TON_IoT's own attack types (schema_map.FAMILY_NATIVE_COL)"
phase7-recovery-f0.00,dummy,target_frozen_test,native,backdoor,42,9911,25000,34911,0.283893,0.283893,1.0,0.442238,0.5,0.283893,0.5,0.221119,"one-vs-normal against the frozen half's normal rows; budget 0.00% of the pool, n_ft=0; TON_IoT's own attack types (schema_map.FAMILY_NATIVE_COL)"
phase7-recovery-f0.00,dummy,target_frozen_test,native,ddos,42,9942,25000,34942,0.284529,0.284529,1.0,0.443009,0.5,0.284529,0.5,0.221504,"one-vs-normal against the frozen half's normal rows; budget 0.00% of the pool, n_ft=0; TON_IoT's own attack types (schema_map.FAMILY_NATIVE_COL)"
phase7-recovery-f0.00,dummy,target_frozen_test,native,dos,42,9893,25000,34893,0.283524,0.283524,1.0,0.44179,0.5,0.283524,0.5,0.220895,"one-vs-normal against the frozen half's normal rows; budget 0.00% of the pool, n_ft=0; TON_IoT's own attack types (schema_map.FAMILY_NATIVE_COL)"
phase7-recovery-f0.00,dummy,target_frozen_test,native,injection,42,10094,25000,35094,0.287628,0.287628,1.0,0.446756,0.5,0.287628,0.5,0.223378,"one-vs-normal against the frozen half's normal rows; budget 0.00% of the pool, n_ft=0; TON_IoT's own attack types (schema_map.FAMILY_NATIVE_COL)"
phase7-recovery-f0.00,dummy,target_frozen_test,native,mitm,42,518,25000,25518,0.020299,0.020299,1.0,0.039791,0.5,0.020299,0.5,0.019896,"one-vs-normal against the frozen half's normal rows; budget 0.00% of the pool, n_ft=0; TON_IoT's own attack types (schema_map.FAMILY_NATIVE_COL)"
phase7-recovery-f0.00,dummy,target_frozen_test,native,password,42,10159,25000,35159,0.288945,0.288945,1.0,0.448343,0.5,0.288945,0.5,0.224171,"one-vs-normal against the frozen half's normal rows; budget 0.00% of the pool, n_ft=0; TON_IoT's own attack types (schema_map.FAMILY_NATIVE_COL)"
phase7-recovery-f0.00,dummy,target_frozen_test,native,ransomware,42,9963,25000,34963,0.284958,0.284958,1.0,0.443529,0.5,0.284958,0.5,0.221765,"one-vs-normal against the frozen half's normal rows; budget 0.00% of the pool, n_ft=0; TON_IoT's own attack types (schema_map.FAMILY_NATIVE_COL)"
phase7-recovery-f0.00,dummy,target_frozen_test,native,scanning,42,10034,25000,35034,0.286407,0.286407,1.0,0.445283,0.5,0.286407,0.5,0.222641,"one-vs-normal against the frozen half's normal rows; budget 0.00% of the pool, n_ft=0; TON_IoT's own attack types (schema_map.FAMILY_NATIVE_COL)"
phase7-recovery-f0.00,dummy,target_frozen_test,native,xss,42,10007,25000,35007,0.285857,0.285857,1.0,0.444617,0.5,0.285857,0.5,0.222309,"one-vs-normal against the frozen half's normal rows; budget 0.00% of the pool, n_ft=0; TON_IoT's own attack types (schema_map.FAMILY_NATIVE_COL)"
phase7-recovery-f0.00,random_forest,target_frozen_test,native,backdoor,42,9911,25000,34911,0.283893,0.001217,0.002422,0.00162,0.137977,0.152789,0.107411,0.13291,"one-vs-normal against the frozen half's normal rows; budget 0.00% of the pool, n_ft=0; TON_IoT's own attack types (schema_map.FAMILY_NATIVE_COL)"
phase7-recovery-f0.00,random_forest,target_frozen_test,native,ddos,42,9942,25000,34942,0.284529,0.193925,0.476463,0.275655,0.339341,0.287534,0.344432,0.287342,"one-vs-normal against the frozen half's normal rows; budget 0.00% of the pool, n_ft=0; TON_IoT's own attack types (schema_map.FAMILY_NATIVE_COL)"
phase7-recovery-f0.00,random_forest,target_frozen_test,native,dos,42,9893,25000,34893,0.283524,0.0487,0.10189,0.065902,0.128047,0.181068,0.157145,0.168427,"one-vs-normal against the frozen half's normal rows; budget 0.00% of the pool, n_ft=0; TON_IoT's own attack types (schema_map.FAMILY_NATIVE_COL)"
phase7-recovery-f0.00,random_forest,target_frozen_test,native,injection,42,10094,25000,35094,0.287628,0.291727,0.803448,0.428036,0.541941,0.382402,0.507924,0.378445,"one-vs-normal against the frozen half's normal rows; budget 0.00% of the pool, n_ft=0; TON_IoT's own attack types (schema_map.FAMILY_NATIVE_COL)"
phase7-recovery-f0.00,random_forest,target_frozen_test,native,mitm,42,518,25000,25518,0.020299,0.016631,0.642857,0.032423,0.497063,0.221138,0.427629,0.190338,"one-vs-normal against the frozen half's normal rows; budget 0.00% of the pool, n_ft=0; TON_IoT's own attack types (schema_map.FAMILY_NATIVE_COL)"
phase7-recovery-f0.00,random_forest,target_frozen_test,native,password,42,10159,25000,35159,0.288945,0.03707,0.074614,0.049531,0.125778,0.172587,0.143507,0.158482,"one-vs-normal against the frozen half's normal rows; budget 0.00% of the pool, n_ft=0; TON_IoT's own attack types (schema_map.FAMILY_NATIVE_COL)"
phase7-recovery-f0.00,random_forest,target_frozen_test,native,ransomware,42,9963,25000,34963,0.284958,0.003088,0.006123,0.004106,0.138396,0.15362,0.109261,0.134103,"one-vs-normal against the frozen half's normal rows; budget 0.00% of the pool, n_ft=0; TON_IoT's own attack types (schema_map.FAMILY_NATIVE_COL)"
phase7-recovery-f0.00,random_forest,target_frozen_test,native,scanning,42,10034,25000,35034,0.286407,0.00721,0.014252,0.009576,0.043646,0.155649,0.113326,0.136874,"one-vs-normal against the frozen half's normal rows; budget 0.00% of the pool, n_ft=0; TON_IoT's own attack types (schema_map.FAMILY_NATIVE_COL)"
phase7-recovery-f0.00,random_forest,target_frozen_test,native,xss,42,10007,25000,35007,0.285857,0.129647,0.293095,0.179773,0.224542,0.235467,0.252747,0.231926,"one-vs-normal against the frozen half's normal rows; budget 0.00% of the pool, n_ft=0; TON_IoT's own attack types (schema_map.FAMILY_NATIVE_COL)"
phase7-recovery-f0.00,scratch_logreg,target_frozen_test,native,backdoor,42,9911,25000,34911,0.283893,0.000301,0.000404,0.000345,0.113569,0.335338,0.234262,0.251256,"one-vs-normal against the frozen half's normal rows; budget 0.00% of the pool, n_ft=0; TON_IoT's own attack types (schema_map.FAMILY_NATIVE_COL)"
phase7-recovery-f0.00,scratch_logreg,target_frozen_test,native,ddos,42,9942,25000,34942,0.284529,0.377073,0.809596,0.51451,0.573648,0.56528,0.638858,0.560473,"one-vs-normal against the frozen half's normal rows; budget 0.00% of the pool, n_ft=0; TON_IoT's own attack types (schema_map.FAMILY_NATIVE_COL)"
phase7-recovery-f0.00,scratch_logreg,target_frozen_test,native,dos,42,9893,25000,34893,0.283524,0.0542,0.077024,0.063627,0.186309,0.357235,0.272572,0.287148,"one-vs-normal against the frozen half's normal rows; budget 0.00% of the pool, n_ft=0; TON_IoT's own attack types (schema_map.FAMILY_NATIVE_COL)"
phase7-recovery-f0.00,scratch_logreg,target_frozen_test,native,injection,42,10094,25000,35094,0.287628,0.244703,0.426788,0.311058,0.468015,0.456232,0.447454,0.430965,"one-vs-normal against the frozen half's normal rows; budget 0.00% of the pool, n_ft=0; TON_IoT's own attack types (schema_map.FAMILY_NATIVE_COL)"
phase7-recovery-f0.00,scratch_logreg,target_frozen_test,native,mitm,42,518,25000,25518,0.020299,0.030619,0.810811,0.059009,0.665856,0.475076,0.639465,0.347512,"one-vs-normal against the frozen half's normal rows; budget 0.00% of the pool, n_ft=0; TON_IoT's own attack types (schema_map.FAMILY_NATIVE_COL)"
phase7-recovery-f0.00,scratch_logreg,target_frozen_test,native,password,42,10159,25000,35159,0.288945,0.069098,0.097155,0.080759,0.371173,0.360932,0.282638,0.295486,"one-vs-normal against the frozen half's normal rows; budget 0.00% of the pool, n_ft=0; TON_IoT's own attack types (schema_map.FAMILY_NATIVE_COL)"
phase7-recovery-f0.00,scratch_logreg,target_frozen_test,native,ransomware,42,9963,25000,34963,0.284958,0.0,0.0,0.0,0.005786,0.334725,0.23406,0.250782,"one-vs-normal against the frozen half's normal rows; budget 0.00% of the pool, n_ft=0; TON_IoT's own attack types (schema_map.FAMILY_NATIVE_COL)"
phase7-recovery-f0.00,scratch_logreg,target_frozen_test,native,scanning,42,10034,25000,35034,0.286407,0.02307,0.031294,0.02656,0.065112,0.34301,0.249707,0.265375,"one-vs-normal against the frozen half's normal rows; budget 0.00% of the pool, n_ft=0; TON_IoT's own attack types (schema_map.FAMILY_NATIVE_COL)"
phase7-recovery-f0.00,scratch_logreg,target_frozen_test,native,xss,42,10007,25000,35007,0.285857,0.127264,0.193764,0.153627,0.182386,0.389693,0.330942,0.33821,"one-vs-normal against the frozen half's normal rows; budget 0.00% of the pool, n_ft=0; TON_IoT's own attack types (schema_map.FAMILY_NATIVE_COL)"
phase7-recovery-f0.00,scratch_mlp,target_frozen_test,native,backdoor,42,9911,25000,34911,0.283893,0.00065,0.00111,0.00082,0.102356,0.232019,0.162335,0.188574,"one-vs-normal against the frozen half's normal rows; budget 0.00% of the pool, n_ft=0; TON_IoT's own attack types (schema_map.FAMILY_NATIVE_COL)"
phase7-recovery-f0.00,scratch_mlp,target_frozen_test,native,ddos,42,9942,25000,34942,0.284529,0.120456,0.232951,0.158799,0.223053,0.297779,0.278256,0.278073,"one-vs-normal against the frozen half's normal rows; budget 0.00% of the pool, n_ft=0; TON_IoT's own attack types (schema_map.FAMILY_NATIVE_COL)"
phase7-recovery-f0.00,scratch_mlp,target_frozen_test,native,dos,42,9893,25000,34893,0.283524,0.060657,0.110381,0.078291,0.14541,0.263119,0.216971,0.232246,"one-vs-normal against the frozen half's normal rows; budget 0.00% of the pool, n_ft=0; TON_IoT's own attack types (schema_map.FAMILY_NATIVE_COL)"
phase7-recovery-f0.00,scratch_mlp,target_frozen_test,native,injection,42,10094,25000,35094,0.287628,0.311189,0.756885,0.441045,0.397514,0.448196,0.540223,0.448106,"one-vs-normal against the frozen half's normal rows; budget 0.00% of the pool, n_ft=0; TON_IoT's own attack types (schema_map.FAMILY_NATIVE_COL)"
phase7-recovery-f0.00,scratch_mlp,target_frozen_test,native,mitm,42,518,25000,25518,0.020299,0.024065,0.805019,0.046733,0.55141,0.333333,0.56429,0.267085,"one-vs-normal against the frozen half's normal rows; budget 0.00% of the pool, n_ft=0; TON_IoT's own attack types (schema_map.FAMILY_NATIVE_COL)"
phase7-recovery-f0.00,scratch_mlp,target_frozen_test,native,password,42,10159,25000,35159,0.288945,0.161036,0.31952,0.214144,0.282382,0.322393,0.32154,0.309287,"one-vs-normal against the frozen half's normal rows; budget 0.00% of the pool, n_ft=0; TON_IoT's own attack types (schema_map.FAMILY_NATIVE_COL)"
phase7-recovery-f0.00,scratch_mlp,target_frozen_test,native,ransomware,42,9963,25000,34963,0.284958,0.0,0.0,0.0,0.120876,0.231359,0.16178,0.187889,"one-vs-normal against the frozen half's normal rows; budget 0.00% of the pool, n_ft=0; TON_IoT's own attack types (schema_map.FAMILY_NATIVE_COL)"
phase7-recovery-f0.00,scratch_mlp,target_frozen_test,native,scanning,42,10034,25000,35034,0.286407,0.016688,0.028603,0.021078,0.061554,0.239082,0.176081,0.199376,"one-vs-normal against the frozen half's normal rows; budget 0.00% of the pool, n_ft=0; TON_IoT's own attack types (schema_map.FAMILY_NATIVE_COL)"
phase7-recovery-f0.00,scratch_mlp,target_frozen_test,native,xss,42,10007,25000,35007,0.285857,0.056674,0.101529,0.072743,0.120867,0.260091,0.212544,0.228601,"one-vs-normal against the frozen half's normal rows; budget 0.00% of the pool, n_ft=0; TON_IoT's own attack types (schema_map.FAMILY_NATIVE_COL)"
phase7-recovery-f0.00,svm,target_frozen_test,native,backdoor,42,9911,25000,34911,0.283893,0.0003,0.000404,0.000344,0.097528,0.334135,0.233422,0.25058,"one-vs-normal against the frozen half's normal rows; budget 0.00% of the pool, n_ft=0; TON_IoT's own attack types (schema_map.FAMILY_NATIVE_COL)"
phase7-recovery-f0.00,svm,target_frozen_test,native,ddos,42,9942,25000,34942,0.284529,0.209213,0.354959,0.26326,0.458215,0.43472,0.410699,0.40235,"one-vs-normal against the frozen half's normal rows; budget 0.00% of the pool, n_ft=0; TON_IoT's own attack types (schema_map.FAMILY_NATIVE_COL)"
phase7-recovery-f0.00,svm,target_frozen_test,native,dos,42,9893,25000,34893,0.283524,0.054039,0.077024,0.063516,0.178981,0.356031,0.271732,0.286409,"one-vs-normal against the frozen half's normal rows; budget 0.00% of the pool, n_ft=0; TON_IoT's own attack types (schema_map.FAMILY_NATIVE_COL)"
phase7-recovery-f0.00,svm,target_frozen_test,native,injection,42,10094,25000,35094,0.287628,0.289761,0.539132,0.376935,0.437917,0.487348,0.502786,0.470727,"one-vs-normal against the frozen half's normal rows; budget 0.00% of the pool, n_ft=0; TON_IoT's own attack types (schema_map.FAMILY_NATIVE_COL)"
phase7-recovery-f0.00,svm,target_frozen_test,native,mitm,42,518,25000,25518,0.020299,0.03137,0.833977,0.060466,0.641933,0.473901,0.650208,0.347565,"one-vs-normal against the frozen half's normal rows; budget 0.00% of the pool, n_ft=0; TON_IoT's own attack types (schema_map.FAMILY_NATIVE_COL)"
phase7-recovery-f0.00,svm,target_frozen_test,native,password,42,10159,25000,35159,0.288945,0.04105,0.056206,0.047447,0.259195,0.347905,0.261323,0.275859,"one-vs-normal against the frozen half's normal rows; budget 0.00% of the pool, n_ft=0; TON_IoT's own attack types (schema_map.FAMILY_NATIVE_COL)"
phase7-recovery-f0.00,svm,target_frozen_test,native,ransomware,42,9963,25000,34963,0.284958,0.0,0.0,0.0,0.003592,0.333524,0.23322,0.250107,"one-vs-normal against the frozen half's normal rows; budget 0.00% of the pool, n_ft=0; TON_IoT's own attack types (schema_map.FAMILY_NATIVE_COL)"
phase7-recovery-f0.00,svm,target_frozen_test,native,scanning,42,10034,25000,35034,0.286407,0.022282,0.030297,0.025679,0.078211,0.341525,0.248368,0.264203,"one-vs-normal against the frozen half's normal rows; budget 0.00% of the pool, n_ft=0; TON_IoT's own attack types (schema_map.FAMILY_NATIVE_COL)"
phase7-recovery-f0.00,svm,target_frozen_test,native,xss,42,10007,25000,35007,0.285857,0.076311,0.110123,0.090151,0.149612,0.364584,0.288281,0.30099,"one-vs-normal against the frozen half's normal rows; budget 0.00% of the pool, n_ft=0; TON_IoT's own attack types (schema_map.FAMILY_NATIVE_COL)"
phase7-recovery-f0.01,decision_tree,target_frozen_test,native,backdoor,42,9911,25000,34911,0.283893,0.914563,0.997982,0.954453,0.989634,0.97296,0.980511,0.967613,"one-vs-normal against the frozen half's normal rows; budget 1.00% of the pool, n_ft=1055; TON_IoT's own attack types (schema_map.FAMILY_NATIVE_COL)"
phase7-recovery-f0.01,decision_tree,target_frozen_test,native,ddos,42,9942,25000,34942,0.284529,0.913532,0.981895,0.946481,0.985414,0.968405,0.972467,0.962033,"one-vs-normal against the frozen half's normal rows; budget 1.00% of the pool, n_ft=1055; TON_IoT's own attack types (schema_map.FAMILY_NATIVE_COL)"
phase7-recovery-f0.01,decision_tree,target_frozen_test,native,dos,42,9893,25000,34893,0.283524,0.91016,0.946225,0.927842,0.98399,0.958272,0.954632,0.949246,"one-vs-normal against the frozen half's normal rows; budget 1.00% of the pool, n_ft=1055; TON_IoT's own attack types (schema_map.FAMILY_NATIVE_COL)"
phase7-recovery-f0.01,decision_tree,target_frozen_test,native,injection,42,10094,25000,35094,0.287628,0.916053,0.99891,0.955689,0.984377,0.973357,0.980975,0.968321,"one-vs-normal against the frozen half's normal rows; budget 1.00% of the pool, n_ft=1055; TON_IoT's own attack types (schema_map.FAMILY_NATIVE_COL)"
phase7-recovery-f0.01,decision_tree,target_frozen_test,native,mitm,42,518,25000,25518,0.020299,0.306306,0.787645,0.441081,0.96414,0.95948,0.875342,0.710029,"one-vs-normal against the frozen half's normal rows; budget 1.00% of the pool, n_ft=1055; TON_IoT's own attack types (schema_map.FAMILY_NATIVE_COL)"
phase7-recovery-f0.01,decision_tree,target_frozen_test,native,password,42,10159,25000,35159,0.288945,0.916433,0.997441,0.955222,0.986071,0.97298,0.98024,0.967937,"one-vs-normal against the frozen half's normal rows; budget 1.00% of the pool, n_ft=1055; TON_IoT's own attack types (schema_map.FAMILY_NATIVE_COL)"
phase7-recovery-f0.01,decision_tree,target_frozen_test,native,ransomware,42,9963,25000,34963,0.284958,0.91465,0.993877,0.952619,0.986819,0.971827,0.978459,0.966287,"one-vs-normal against the frozen half's normal rows; budget 1.00% of the pool, n_ft=1055; TON_IoT's own attack types (schema_map.FAMILY_NATIVE_COL)"
phase7-recovery-f0.01,decision_tree,target_frozen_test,native,scanning,42,10034,25000,35034,0.286407,0.915562,0.998505,0.955237,0.985525,0.973197,0.980773,0.968054,"one-vs-normal against the frozen half's normal rows; budget 1.00% of the pool, n_ft=1055; TON_IoT's own attack types (schema_map.FAMILY_NATIVE_COL)"
phase7-recovery-f0.01,decision_tree,target_frozen_test,native,xss,42,10007,25000,35007,0.285857,0.915284,0.997602,0.954672,0.989064,0.97292,0.980321,0.967682,"one-vs-normal against the frozen half's normal rows; budget 1.00% of the pool, n_ft=1055; TON_IoT's own attack types (schema_map.FAMILY_NATIVE_COL)"
phase7-recovery-f0.01,dummy,target_frozen_test,native,backdoor,42,9911,25000,34911,0.283893,0.283893,1.0,0.442238,0.5,0.283893,0.5,0.221119,"one-vs-normal against the frozen half's normal rows; budget 1.00% of the pool, n_ft=1055; TON_IoT's own attack types (schema_map.FAMILY_NATIVE_COL)"
phase7-recovery-f0.01,dummy,target_frozen_test,native,ddos,42,9942,25000,34942,0.284529,0.284529,1.0,0.443009,0.5,0.284529,0.5,0.221504,"one-vs-normal against the frozen half's normal rows; budget 1.00% of the pool, n_ft=1055; TON_IoT's own attack types (schema_map.FAMILY_NATIVE_COL)"
phase7-recovery-f0.01,dummy,target_frozen_test,native,dos,42,9893,25000,34893,0.283524,0.283524,1.0,0.44179,0.5,0.283524,0.5,0.220895,"one-vs-normal against the frozen half's normal rows; budget 1.00% of the pool, n_ft=1055; TON_IoT's own attack types (schema_map.FAMILY_NATIVE_COL)"
phase7-recovery-f0.01,dummy,target_frozen_test,native,injection,42,10094,25000,35094,0.287628,0.287628,1.0,0.446756,0.5,0.287628,0.5,0.223378,"one-vs-normal against the frozen half's normal rows; budget 1.00% of the pool, n_ft=1055; TON_IoT's own attack types (schema_map.FAMILY_NATIVE_COL)"
phase7-recovery-f0.01,dummy,target_frozen_test,native,mitm,42,518,25000,25518,0.020299,0.020299,1.0,0.039791,0.5,0.020299,0.5,0.019896,"one-vs-normal against the frozen half's normal rows; budget 1.00% of the pool, n_ft=1055; TON_IoT's own attack types (schema_map.FAMILY_NATIVE_COL)"
phase7-recovery-f0.01,dummy,target_frozen_test,native,password,42,10159,25000,35159,0.288945,0.288945,1.0,0.448343,0.5,0.288945,0.5,0.224171,"one-vs-normal against the frozen half's normal rows; budget 1.00% of the pool, n_ft=1055; TON_IoT's own attack types (schema_map.FAMILY_NATIVE_COL)"
phase7-recovery-f0.01,dummy,target_frozen_test,native,ransomware,42,9963,25000,34963,0.284958,0.284958,1.0,0.443529,0.5,0.284958,0.5,0.221765,"one-vs-normal against the frozen half's normal rows; budget 1.00% of the pool, n_ft=1055; TON_IoT's own attack types (schema_map.FAMILY_NATIVE_COL)"
phase7-recovery-f0.01,dummy,target_frozen_test,native,scanning,42,10034,25000,35034,0.286407,0.286407,1.0,0.445283,0.5,0.286407,0.5,0.222641,"one-vs-normal against the frozen half's normal rows; budget 1.00% of the pool, n_ft=1055; TON_IoT's own attack types (schema_map.FAMILY_NATIVE_COL)"
phase7-recovery-f0.01,dummy,target_frozen_test,native,xss,42,10007,25000,35007,0.285857,0.285857,1.0,0.444617,0.5,0.285857,0.5,0.222309,"one-vs-normal against the frozen half's normal rows; budget 1.00% of the pool, n_ft=1055; TON_IoT's own attack types (schema_map.FAMILY_NATIVE_COL)"
phase7-recovery-f0.01,random_forest,target_frozen_test,native,backdoor,42,9911,25000,34911,0.283893,0.909233,0.999596,0.952276,0.999409,0.971556,0.980018,0.966008,"one-vs-normal against the frozen half's normal rows; budget 1.00% of the pool, n_ft=1055; TON_IoT's own attack types (schema_map.FAMILY_NATIVE_COL)"
phase7-recovery-f0.01,random_forest,target_frozen_test,native,ddos,42,9942,25000,34942,0.284529,0.908477,0.987427,0.946308,0.994914,0.968119,0.973934,0.961818,"one-vs-normal against the frozen half's normal rows; budget 1.00% of the pool, n_ft=1055; TON_IoT's own attack types (schema_map.FAMILY_NATIVE_COL)"
phase7-recovery-f0.01,random_forest,target_frozen_test,native,dos,42,9893,25000,34893,0.283524,0.908747,0.995552,0.950171,0.996721,0.970395,0.977996,0.964557,"one-vs-normal against the frozen half's normal rows; budget 1.00% of the pool, n_ft=1055; TON_IoT's own attack types (schema_map.FAMILY_NATIVE_COL)"
phase7-recovery-f0.01,random_forest,target_frozen_test,native,injection,42,10094,25000,35094,0.287628,0.910603,0.998019,0.952309,0.998671,0.971249,0.979229,0.965865,"one-vs-normal against the frozen half's normal rows; budget 1.00% of the pool, n_ft=1055; TON_IoT's own attack types (schema_map.FAMILY_NATIVE_COL)"
phase7-recovery-f0.01,random_forest,target_frozen_test,native,mitm,42,518,25000,25518,0.020299,0.330399,0.942085,0.489223,0.984153,0.960067,0.951262,0.734222,"one-vs-normal against the frozen half's normal rows; budget 1.00% of the pool, n_ft=1055; TON_IoT's own attack types (schema_map.FAMILY_NATIVE_COL)"
phase7-recovery-f0.01,random_forest,target_frozen_test,native,password,42,10159,25000,35159,0.288945,0.911245,0.999508,0.953338,0.998331,0.971728,0.979974,0.966529,"one-vs-normal against the frozen half's normal rows; budget 1.00% of the pool, n_ft=1055; TON_IoT's own attack types (schema_map.FAMILY_NATIVE_COL)"
phase7-recovery-f0.01,random_forest,target_frozen_test,native,ransomware,42,9963,25000,34963,0.284958,0.909565,0.998394,0.951912,0.998884,0.971255,0.979417,0.965706,"one-vs-normal against the frozen half's normal rows; budget 1.00% of the pool, n_ft=1055; TON_IoT's own attack types (schema_map.FAMILY_NATIVE_COL)"
phase7-recovery-f0.01,random_forest,target_frozen_test,native,scanning,42,10034,25000,35034,0.286407,0.910221,0.999302,0.952684,0.999204,0.97157,0.979871,0.966183,"one-vs-normal against the frozen half's normal rows; budget 1.00% of the pool, n_ft=1055; TON_IoT's own attack types (schema_map.FAMILY_NATIVE_COL)"
phase7-recovery-f0.01,random_forest,target_frozen_test,native,xss,42,10007,25000,35007,0.285857,0.909952,0.998701,0.952263,0.998057,0.971377,0.97957,0.965912,"one-vs-normal against the frozen half's normal rows; budget 1.00% of the pool, n_ft=1055; TON_IoT's own attack types (schema_map.FAMILY_NATIVE_COL)"
phase7-recovery-f0.01,scratch_logreg,target_frozen_test,native,backdoor,42,9911,25000,34911,0.283893,0.939319,0.999596,0.968521,0.997677,0.981553,0.986998,0.977737,"one-vs-normal against the frozen half's normal rows; budget 1.00% of the pool, n_ft=1055; TON_IoT's own attack types (schema_map.FAMILY_NATIVE_COL)"
phase7-recovery-f0.01,scratch_logreg,target_frozen_test,native,ddos,42,9942,25000,34942,0.284529,0.927544,0.82408,0.872756,0.976134,0.93163,0.89924,0.913007,"one-vs-normal against the frozen half's normal rows; budget 1.00% of the pool, n_ft=1055; TON_IoT's own attack types (schema_map.FAMILY_NATIVE_COL)"
phase7-recovery-f0.01,scratch_logreg,target_frozen_test,native,dos,42,9893,25000,34893,0.283524,0.932589,0.894976,0.913396,0.968216,0.951881,0.934688,0.940041,"one-vs-normal against the frozen half's normal rows; budget 1.00% of the pool, n_ft=1055; TON_IoT's own attack types (schema_map.FAMILY_NATIVE_COL)"
phase7-recovery-f0.01,scratch_logreg,target_frozen_test,native,injection,42,10094,25000,35094,0.287628,0.938574,0.968793,0.953444,0.989743,0.972787,0.971597,0.96711,"one-vs-normal against the frozen half's normal rows; budget 1.00% of the pool, n_ft=1055; TON_IoT's own attack types (schema_map.FAMILY_NATIVE_COL)"
phase7-recovery-f0.01,scratch_logreg,target_frozen_test,native,mitm,42,518,25000,25518,0.020299,0.262673,0.440154,0.329004,0.901907,0.963555,0.707277,0.655137,"one-vs-normal against the frozen half's normal rows; budget 1.00% of the pool, n_ft=1055; TON_IoT's own attack types (schema_map.FAMILY_NATIVE_COL)"
phase7-recovery-f0.01,scratch_logreg,target_frozen_test,native,password,42,10159,25000,35159,0.288945,0.939996,0.986908,0.962881,0.994337,0.978014,0.980654,0.973631,"one-vs-normal against the frozen half's normal rows; budget 1.00% of the pool, n_ft=1055; TON_IoT's own attack types (schema_map.FAMILY_NATIVE_COL)"
phase7-recovery-f0.01,scratch_logreg,target_frozen_test,native,ransomware,42,9963,25000,34963,0.284958,0.928818,0.838201,0.881186,0.989014,0.935589,0.906301,0.918502,"one-vs-normal against the frozen half's normal rows; budget 1.00% of the pool, n_ft=1055; TON_IoT's own attack types (schema_map.FAMILY_NATIVE_COL)"
phase7-recovery-f0.01,scratch_logreg,target_frozen_test,native,scanning,42,10034,25000,35034,0.286407,0.938438,0.972294,0.955066,0.993165,0.973797,0.973347,0.968286,"one-vs-normal against the frozen half's normal rows; budget 1.00% of the pool, n_ft=1055; TON_IoT's own attack types (schema_map.FAMILY_NATIVE_COL)"
phase7-recovery-f0.01,scratch_logreg,target_frozen_test,native,xss,42,10007,25000,35007,0.285857,0.931741,0.872989,0.901408,0.983146,0.945411,0.923694,0.931832,"one-vs-normal against the frozen half's normal rows; budget 1.00% of the pool, n_ft=1055; TON_IoT's own attack types (schema_map.FAMILY_NATIVE_COL)"
phase7-recovery-f0.01,scratch_mlp,target_frozen_test,native,backdoor,42,9911,25000,34911,0.283893,0.690546,0.992029,0.814278,0.981583,0.87153,0.907895,0.85804,"one-vs-normal against the frozen half's normal rows; budget 1.00% of the pool, n_ft=1055; TON_IoT's own attack types (schema_map.FAMILY_NATIVE_COL)"
phase7-recovery-f0.01,scratch_mlp,target_frozen_test,native,ddos,42,9942,25000,34942,0.284529,0.67363,0.914705,0.775872,0.928463,0.849637,0.869233,0.831371,"one-vs-normal against the frozen half's normal rows; budget 1.00% of the pool, n_ft=1055; TON_IoT's own attack types (schema_map.FAMILY_NATIVE_COL)"
phase7-recovery-f0.01,scratch_mlp,target_frozen_test,native,dos,42,9893,25000,34893,0.283524,0.667672,0.894774,0.764719,0.909325,0.843894,0.859267,0.823959,"one-vs-normal against the frozen half's normal rows; budget 1.00% of the pool, n_ft=1055; TON_IoT's own attack types (schema_map.FAMILY_NATIVE_COL)"
phase7-recovery-f0.01,scratch_mlp,target_frozen_test,native,injection,42,10094,25000,35094,0.287628,0.454095,0.363087,0.403523,0.819104,0.691258,0.593423,0.597625,"one-vs-normal against the frozen half's normal rows; budget 1.00% of the pool, n_ft=1055; TON_IoT's own attack types (schema_map.FAMILY_NATIVE_COL)"
phase7-recovery-f0.01,scratch_mlp,target_frozen_test,native,mitm,42,518,25000,25518,0.020299,0.071248,0.65251,0.128468,0.75146,0.820284,0.738135,0.51414,"one-vs-normal against the frozen half's normal rows; budget 1.00% of the pool, n_ft=1055; TON_IoT's own attack types (schema_map.FAMILY_NATIVE_COL)"
phase7-recovery-f0.01,scratch_mlp,target_frozen_test,native,password,42,10159,25000,35159,0.288945,0.531974,0.492962,0.511725,0.778729,0.728178,0.658361,0.661696,"one-vs-normal against the frozen half's normal rows; budget 1.00% of the pool, n_ft=1055; TON_IoT's own attack types (schema_map.FAMILY_NATIVE_COL)"
phase7-recovery-f0.01,scratch_mlp,target_frozen_test,native,ransomware,42,9963,25000,34963,0.284958,0.686026,0.966275,0.802384,0.934619,0.864371,0.895018,0.84957,"one-vs-normal against the frozen half's normal rows; budget 1.00% of the pool, n_ft=1055; TON_IoT's own attack types (schema_map.FAMILY_NATIVE_COL)"
phase7-recovery-f0.01,scratch_mlp,target_frozen_test,native,scanning,42,10034,25000,35034,0.286407,0.322675,0.209189,0.253824,0.85351,0.647742,0.516474,0.511638,"one-vs-normal against the frozen half's normal rows; budget 1.00% of the pool, n_ft=1055; TON_IoT's own attack types (schema_map.FAMILY_NATIVE_COL)"
phase7-recovery-f0.01,scratch_mlp,target_frozen_test,native,xss,42,10007,25000,35007,0.285857,0.513955,0.465574,0.48857,0.881782,0.72137,0.644667,0.648548,"one-vs-normal against the frozen half's normal rows; budget 1.00% of the pool, n_ft=1055; TON_IoT's own attack types (schema_map.FAMILY_NATIVE_COL)"
phase7-recovery-f0.01,svm,target_frozen_test,native,backdoor,42,9911,25000,34911,0.283893,0.940361,0.999092,0.968837,0.998206,0.981754,0.986986,0.977969,"one-vs-normal against the frozen half's normal rows; budget 1.00% of the pool, n_ft=1055; TON_IoT's own attack types (schema_map.FAMILY_NATIVE_COL)"
phase7-recovery-f0.01,svm,target_frozen_test,native,ddos,42,9942,25000,34942,0.284529,0.928105,0.815429,0.868127,0.973454,0.929512,0.895155,0.910014,"one-vs-normal against the frozen half's normal rows; budget 1.00% of the pool, n_ft=1055; TON_IoT's own attack types (schema_map.FAMILY_NATIVE_COL)"
phase7-recovery-f0.01,svm,target_frozen_test,native,dos,42,9893,25000,34893,0.283524,0.933163,0.886283,0.909119,0.967111,0.949761,0.930582,0.937202,"one-vs-normal against the frozen half's normal rows; budget 1.00% of the pool, n_ft=1055; TON_IoT's own attack types (schema_map.FAMILY_NATIVE_COL)"
phase7-recovery-f0.01,svm,target_frozen_test,native,injection,42,10094,25000,35094,0.287628,0.939731,0.970081,0.954665,0.990379,0.9735,0.972481,0.967972,"one-vs-normal against the frozen half's normal rows; budget 1.00% of the pool, n_ft=1055; TON_IoT's own attack types (schema_map.FAMILY_NATIVE_COL)"
phase7-recovery-f0.01,svm,target_frozen_test,native,mitm,42,518,25000,25518,0.020299,0.234146,0.370656,0.286996,0.890827,0.962615,0.672768,0.6339,"one-vs-normal against the frozen half's normal rows; budget 1.00% of the pool, n_ft=1055; TON_IoT's own attack types (schema_map.FAMILY_NATIVE_COL)"
phase7-recovery-f0.01,svm,target_frozen_test,native,password,42,10159,25000,35159,0.288945,0.941011,0.986121,0.963038,0.994952,0.978128,0.9805,0.973753,"one-vs-normal against the frozen half's normal rows; budget 1.00% of the pool, n_ft=1055; TON_IoT's own attack types (schema_map.FAMILY_NATIVE_COL)"
phase7-recovery-f0.01,svm,target_frozen_test,native,ransomware,42,9963,25000,34963,0.284958,0.928179,0.814614,0.867697,0.981264,0.929211,0.894747,0.909687,"one-vs-normal against the frozen half's normal rows; budget 1.00% of the pool, n_ft=1055; TON_IoT's own attack types (schema_map.FAMILY_NATIVE_COL)"
phase7-recovery-f0.01,svm,target_frozen_test,native,scanning,42,10034,25000,35034,0.286407,0.939452,0.971098,0.955013,0.9885,0.973797,0.972989,0.968264,"one-vs-normal against the frozen half's normal rows; budget 1.00% of the pool, n_ft=1055; TON_IoT's own attack types (schema_map.FAMILY_NATIVE_COL)"
phase7-recovery-f0.01,svm,target_frozen_test,native,xss,42,10007,25000,35007,0.285857,0.933248,0.877386,0.904455,0.985098,0.947011,0.926133,0.933897,"one-vs-normal against the frozen half's normal rows; budget 1.00% of the pool, n_ft=1055; TON_IoT's own attack types (schema_map.FAMILY_NATIVE_COL)"
phase7-recovery-f0.05,decision_tree,target_frozen_test,native,backdoor,42,9911,25000,34911,0.283893,0.921587,0.998487,0.958497,0.993722,0.975452,0.982403,0.970534,"one-vs-normal against the frozen half's normal rows; budget 5.00% of the pool, n_ft=5276; TON_IoT's own attack types (schema_map.FAMILY_NATIVE_COL)"
phase7-recovery-f0.05,decision_tree,target_frozen_test,native,ddos,42,9942,25000,34942,0.284529,0.920401,0.97928,0.948928,0.990128,0.970007,0.9728,0.963849,"one-vs-normal against the frozen half's normal rows; budget 5.00% of the pool, n_ft=5276; TON_IoT's own attack types (schema_map.FAMILY_NATIVE_COL)"
phase7-recovery-f0.05,decision_tree,target_frozen_test,native,dos,42,9893,25000,34893,0.283524,0.919771,0.97574,0.94693,0.991075,0.968991,0.97103,0.962513,"one-vs-normal against the frozen half's normal rows; budget 5.00% of the pool, n_ft=5276; TON_IoT's own attack types (schema_map.FAMILY_NATIVE_COL)"
phase7-recovery-f0.05,decision_tree,target_frozen_test,native,injection,42,10094,25000,35094,0.287628,0.922887,0.998316,0.959121,0.993073,0.975523,0.982318,0.970826,"one-vs-normal against the frozen half's normal rows; budget 5.00% of the pool, n_ft=5276; TON_IoT's own attack types (schema_map.FAMILY_NATIVE_COL)"
phase7-recovery-f0.05,decision_tree,target_frozen_test,native,mitm,42,518,25000,25518,0.020299,0.317666,0.756757,0.447489,0.973768,0.962066,0.861538,0.713924,"one-vs-normal against the frozen half's normal rows; budget 5.00% of the pool, n_ft=5276; TON_IoT's own attack types (schema_map.FAMILY_NATIVE_COL)"
phase7-recovery-f0.05,decision_tree,target_frozen_test,native,password,42,10159,25000,35159,0.288945,0.923238,0.99685,0.958633,0.992023,0.975142,0.981585,0.970433,"one-vs-normal against the frozen half's normal rows; budget 5.00% of the pool, n_ft=5276; TON_IoT's own attack types (schema_map.FAMILY_NATIVE_COL)"
phase7-recovery-f0.05,decision_tree,target_frozen_test,native,ransomware,42,9963,25000,34963,0.284958,0.921631,0.993877,0.956392,0.991695,0.974173,0.980099,0.969022,"one-vs-normal against the frozen half's normal rows; budget 5.00% of the pool, n_ft=5276; TON_IoT's own attack types (schema_map.FAMILY_NATIVE_COL)"
phase7-recovery-f0.05,decision_tree,target_frozen_test,native,scanning,42,10034,25000,35034,0.286407,0.922432,0.997907,0.958686,0.993195,0.975367,0.982114,0.970569,"one-vs-normal against the frozen half's normal rows; budget 5.00% of the pool, n_ft=5276; TON_IoT's own attack types (schema_map.FAMILY_NATIVE_COL)"
phase7-recovery-f0.05,decision_tree,target_frozen_test,native,xss,42,10007,25000,35007,0.285857,0.922109,0.996103,0.957679,0.992176,0.974834,0.981211,0.969886,"one-vs-normal against the frozen half's normal rows; budget 5.00% of the pool, n_ft=5276; TON_IoT's own attack types (schema_map.FAMILY_NATIVE_COL)"
phase7-recovery-f0.05,dummy,target_frozen_test,native,backdoor,42,9911,25000,34911,0.283893,0.283893,1.0,0.442238,0.5,0.283893,0.5,0.221119,"one-vs-normal against the frozen half's normal rows; budget 5.00% of the pool, n_ft=5276; TON_IoT's own attack types (schema_map.FAMILY_NATIVE_COL)"
phase7-recovery-f0.05,dummy,target_frozen_test,native,ddos,42,9942,25000,34942,0.284529,0.284529,1.0,0.443009,0.5,0.284529,0.5,0.221504,"one-vs-normal against the frozen half's normal rows; budget 5.00% of the pool, n_ft=5276; TON_IoT's own attack types (schema_map.FAMILY_NATIVE_COL)"
phase7-recovery-f0.05,dummy,target_frozen_test,native,dos,42,9893,25000,34893,0.283524,0.283524,1.0,0.44179,0.5,0.283524,0.5,0.220895,"one-vs-normal against the frozen half's normal rows; budget 5.00% of the pool, n_ft=5276; TON_IoT's own attack types (schema_map.FAMILY_NATIVE_COL)"
phase7-recovery-f0.05,dummy,target_frozen_test,native,injection,42,10094,25000,35094,0.287628,0.287628,1.0,0.446756,0.5,0.287628,0.5,0.223378,"one-vs-normal against the frozen half's normal rows; budget 5.00% of the pool, n_ft=5276; TON_IoT's own attack types (schema_map.FAMILY_NATIVE_COL)"
phase7-recovery-f0.05,dummy,target_frozen_test,native,mitm,42,518,25000,25518,0.020299,0.020299,1.0,0.039791,0.5,0.020299,0.5,0.019896,"one-vs-normal against the frozen half's normal rows; budget 5.00% of the pool, n_ft=5276; TON_IoT's own attack types (schema_map.FAMILY_NATIVE_COL)"
phase7-recovery-f0.05,dummy,target_frozen_test,native,password,42,10159,25000,35159,0.288945,0.288945,1.0,0.448343,0.5,0.288945,0.5,0.224171,"one-vs-normal against the frozen half's normal rows; budget 5.00% of the pool, n_ft=5276; TON_IoT's own attack types (schema_map.FAMILY_NATIVE_COL)"
phase7-recovery-f0.05,dummy,target_frozen_test,native,ransomware,42,9963,25000,34963,0.284958,0.284958,1.0,0.443529,0.5,0.284958,0.5,0.221765,"one-vs-normal against the frozen half's normal rows; budget 5.00% of the pool, n_ft=5276; TON_IoT's own attack types (schema_map.FAMILY_NATIVE_COL)"
phase7-recovery-f0.05,dummy,target_frozen_test,native,scanning,42,10034,25000,35034,0.286407,0.286407,1.0,0.445283,0.5,0.286407,0.5,0.222641,"one-vs-normal against the frozen half's normal rows; budget 5.00% of the pool, n_ft=5276; TON_IoT's own attack types (schema_map.FAMILY_NATIVE_COL)"
phase7-recovery-f0.05,dummy,target_frozen_test,native,xss,42,10007,25000,35007,0.285857,0.285857,1.0,0.444617,0.5,0.285857,0.5,0.222309,"one-vs-normal against the frozen half's normal rows; budget 5.00% of the pool, n_ft=5276; TON_IoT's own attack types (schema_map.FAMILY_NATIVE_COL)"
phase7-recovery-f0.05,random_forest,target_frozen_test,native,backdoor,42,9911,25000,34911,0.283893,0.945149,0.999697,0.971658,0.99944,0.983444,0.988349,0.979982,"one-vs-normal against the frozen half's normal rows; budget 5.00% of the pool, n_ft=5276; TON_IoT's own attack types (schema_map.FAMILY_NATIVE_COL)"
phase7-recovery-f0.05,random_forest,target_frozen_test,native,ddos,42,9942,25000,34942,0.284529,0.944923,0.992255,0.968011,0.997747,0.981341,0.984628,0.97742,"one-vs-normal against the frozen half's normal rows; budget 5.00% of the pool, n_ft=5276; TON_IoT's own attack types (schema_map.FAMILY_NATIVE_COL)"
phase7-recovery-f0.05,random_forest,target_frozen_test,native,dos,42,9893,25000,34893,0.283524,0.944939,0.997473,0.970496,0.998682,0.982805,0.987236,0.979181,"one-vs-normal against the frozen half's normal rows; budget 5.00% of the pool, n_ft=5276; TON_IoT's own attack types (schema_map.FAMILY_NATIVE_COL)"
phase7-recovery-f0.05,random_forest,target_frozen_test,native,injection,42,10094,25000,35094,0.287628,0.94602,0.998316,0.971464,0.999061,0.983131,0.987658,0.979745,"one-vs-normal against the frozen half's normal rows; budget 5.00% of the pool, n_ft=5276; TON_IoT's own attack types (schema_map.FAMILY_NATIVE_COL)"
phase7-recovery-f0.05,random_forest,target_frozen_test,native,mitm,42,518,25000,25518,0.020299,0.458058,0.938224,0.615579,0.988425,0.976213,0.957612,0.801653,"one-vs-normal against the frozen half's normal rows; budget 5.00% of the pool, n_ft=5276; TON_IoT's own attack types (schema_map.FAMILY_NATIVE_COL)"
phase7-recovery-f0.05,random_forest,target_frozen_test,native,password,42,10159,25000,35159,0.288945,0.946382,0.999016,0.971987,0.999106,0.983361,0.988008,0.980077,"one-vs-normal against the frozen half's normal rows; budget 5.00% of the pool, n_ft=5276; TON_IoT's own attack types (schema_map.FAMILY_NATIVE_COL)"
phase7-recovery-f0.05,random_forest,target_frozen_test,native,ransomware,42,9963,25000,34963,0.284958,0.945347,0.998294,0.971099,0.999326,0.983068,0.987647,0.979563,"one-vs-normal against the frozen half's normal rows; budget 5.00% of the pool, n_ft=5276; TON_IoT's own attack types (schema_map.FAMILY_NATIVE_COL)"
phase7-recovery-f0.05,random_forest,target_frozen_test,native,scanning,42,10034,25000,35034,0.286407,0.945709,0.998206,0.971248,0.99935,0.983074,0.987603,0.979627,"one-vs-normal against the frozen half's normal rows; budget 5.00% of the pool, n_ft=5276; TON_IoT's own attack types (schema_map.FAMILY_NATIVE_COL)"
phase7-recovery-f0.05,random_forest,target_frozen_test,native,xss,42,10007,25000,35007,0.285857,0.945477,0.996403,0.970272,0.998552,0.982546,0.986701,0.978959,"one-vs-normal against the frozen half's normal rows; budget 5.00% of the pool, n_ft=5276; TON_IoT's own attack types (schema_map.FAMILY_NATIVE_COL)"
phase7-recovery-f0.05,scratch_logreg,target_frozen_test,native,backdoor,42,9911,25000,34911,0.283893,0.940657,0.999596,0.969232,0.999458,0.981983,0.987298,0.978247,"one-vs-normal against the frozen half's normal rows; budget 5.00% of the pool, n_ft=5276; TON_IoT's own attack types (schema_map.FAMILY_NATIVE_COL)"
phase7-recovery-f0.05,scratch_logreg,target_frozen_test,native,ddos,42,9942,25000,34942,0.284529,0.929138,0.824281,0.873574,0.976497,0.932116,0.89964,0.913588,"one-vs-normal against the frozen half's normal rows; budget 5.00% of the pool, n_ft=5276; TON_IoT's own attack types (schema_map.FAMILY_NATIVE_COL)"
phase7-recovery-f0.05,scratch_logreg,target_frozen_test,native,dos,42,9893,25000,34893,0.283524,0.934009,0.894168,0.913654,0.97199,0.952082,0.934584,0.940247,"one-vs-normal against the frozen half's normal rows; budget 5.00% of the pool, n_ft=5276; TON_IoT's own attack types (schema_map.FAMILY_NATIVE_COL)"
phase7-recovery-f0.05,scratch_logreg,target_frozen_test,native,injection,42,10094,25000,35094,0.287628,0.93999,0.969883,0.954703,0.989197,0.973528,0.972442,0.968001,"one-vs-normal against the frozen half's normal rows; budget 5.00% of the pool, n_ft=5276; TON_IoT's own attack types (schema_map.FAMILY_NATIVE_COL)"
phase7-recovery-f0.05,scratch_logreg,target_frozen_test,native,mitm,42,518,25000,25518,0.020299,0.262972,0.430502,0.326501,0.917747,0.963947,0.702751,0.653989,"one-vs-normal against the frozen half's normal rows; budget 5.00% of the pool, n_ft=5276; TON_IoT's own attack types (schema_map.FAMILY_NATIVE_COL)"
phase7-recovery-f0.05,scratch_logreg,target_frozen_test,native,password,42,10159,25000,35159,0.288945,0.941309,0.986711,0.963476,0.993881,0.978384,0.980856,0.974063,"one-vs-normal against the frozen half's normal rows; budget 5.00% of the pool, n_ft=5276; TON_IoT's own attack types (schema_map.FAMILY_NATIVE_COL)"
phase7-recovery-f0.05,scratch_logreg,target_frozen_test,native,ransomware,42,9963,25000,34963,0.284958,0.940629,0.993877,0.96652,0.990638,0.980379,0.984439,0.976322,"one-vs-normal against the frozen half's normal rows; budget 5.00% of the pool, n_ft=5276; TON_IoT's own attack types (schema_map.FAMILY_NATIVE_COL)"
phase7-recovery-f0.05,scratch_logreg,target_frozen_test,native,scanning,42,10034,25000,35034,0.286407,0.939805,0.972494,0.95587,0.994386,0.974282,0.973747,0.968862,"one-vs-normal against the frozen half's normal rows; budget 5.00% of the pool, n_ft=5276; TON_IoT's own attack types (schema_map.FAMILY_NATIVE_COL)"
phase7-recovery-f0.05,scratch_logreg,target_frozen_test,native,xss,42,10007,25000,35007,0.285857,0.934287,0.887978,0.910544,0.990018,0.950124,0.931489,0.937984,"one-vs-normal against the frozen half's normal rows; budget 5.00% of the pool, n_ft=5276; TON_IoT's own attack types (schema_map.FAMILY_NATIVE_COL)"
phase7-recovery-f0.05,scratch_mlp,target_frozen_test,native,backdoor,42,9911,25000,34911,0.283893,0.779133,0.992332,0.872903,0.995188,0.917963,0.940406,0.906169,"one-vs-normal against the frozen half's normal rows; budget 5.00% of the pool, n_ft=5276; TON_IoT's own attack types (schema_map.FAMILY_NATIVE_COL)"
phase7-recovery-f0.05,scratch_mlp,target_frozen_test,native,ddos,42,9942,25000,34942,0.284529,0.766929,0.922752,0.837655,0.964807,0.898231,0.905616,0.881771,"one-vs-normal against the frozen half's normal rows; budget 5.00% of the pool, n_ft=5276; TON_IoT's own attack types (schema_map.FAMILY_NATIVE_COL)"
phase7-recovery-f0.05,scratch_mlp,target_frozen_test,native,dos,42,9893,25000,34893,0.283524,0.758886,0.886991,0.817953,0.942122,0.888058,0.887735,0.868567,"one-vs-normal against the frozen half's normal rows; budget 5.00% of the pool, n_ft=5276; TON_IoT's own attack types (schema_map.FAMILY_NATIVE_COL)"
phase7-recovery-f0.05,scratch_mlp,target_frozen_test,native,injection,42,10094,25000,35094,0.287628,0.771831,0.934317,0.845337,0.941057,0.901664,0.911399,0.886627,"one-vs-normal against the frozen half's normal rows; budget 5.00% of the pool, n_ft=5276; TON_IoT's own attack types (schema_map.FAMILY_NATIVE_COL)"
phase7-recovery-f0.05,scratch_mlp,target_frozen_test,native,mitm,42,518,25000,25518,0.020299,0.078956,0.46139,0.134838,0.759768,0.87981,0.674935,0.535129,"one-vs-normal against the frozen half's normal rows; budget 5.00% of the pool, n_ft=5276; TON_IoT's own attack types (schema_map.FAMILY_NATIVE_COL)"
phase7-recovery-f0.05,scratch_mlp,target_frozen_test,native,password,42,10159,25000,35159,0.288945,0.773315,0.936214,0.847003,0.940037,0.902273,0.912347,0.887605,"one-vs-normal against the frozen half's normal rows; budget 5.00% of the pool, n_ft=5276; TON_IoT's own attack types (schema_map.FAMILY_NATIVE_COL)"
phase7-recovery-f0.05,scratch_mlp,target_frozen_test,native,ransomware,42,9963,25000,34963,0.284958,0.727335,0.746462,0.736774,0.952968,0.848011,0.817471,0.814967,"one-vs-normal against the frozen half's normal rows; budget 5.00% of the pool, n_ft=5276; TON_IoT's own attack types (schema_map.FAMILY_NATIVE_COL)"
phase7-recovery-f0.05,scratch_mlp,target_frozen_test,native,scanning,42,10034,25000,35034,0.286407,0.777937,0.97339,0.864757,0.976253,0.912799,0.930935,0.900206,"one-vs-normal against the frozen half's normal rows; budget 5.00% of the pool, n_ft=5276; TON_IoT's own attack types (schema_map.FAMILY_NATIVE_COL)"
phase7-recovery-f0.05,scratch_mlp,target_frozen_test,native,xss,42,10007,25000,35007,0.285857,0.772853,0.947936,0.851488,0.976539,0.905476,0.918208,0.891082,"one-vs-normal against the frozen half's normal rows; budget 5.00% of the pool, n_ft=5276; TON_IoT's own attack types (schema_map.FAMILY_NATIVE_COL)"
phase7-recovery-f0.05,svm,target_frozen_test,native,backdoor,42,9911,25000,34911,0.283893,0.942267,0.999596,0.970086,0.99971,0.982498,0.987658,0.978858,"one-vs-normal against the frozen half's normal rows; budget 5.00% of the pool, n_ft=5276; TON_IoT's own attack types (schema_map.FAMILY_NATIVE_COL)"
phase7-recovery-f0.05,svm,target_frozen_test,native,ddos,42,9942,25000,34942,0.284529,0.930747,0.820559,0.872187,0.976198,0.931572,0.89814,0.912733,"one-vs-normal against the frozen half's normal rows; budget 5.00% of the pool, n_ft=5276; TON_IoT's own attack types (schema_map.FAMILY_NATIVE_COL)"
phase7-recovery-f0.05,svm,target_frozen_test,native,dos,42,9893,25000,34893,0.283524,0.93574,0.89346,0.914111,0.971181,0.952397,0.93459,0.940593,"one-vs-normal against the frozen half's normal rows; budget 5.00% of the pool, n_ft=5276; TON_IoT's own attack types (schema_map.FAMILY_NATIVE_COL)"
phase7-recovery-f0.05,svm,target_frozen_test,native,injection,42,10094,25000,35094,0.287628,0.941724,0.971765,0.956509,0.988621,0.974583,0.973743,0.969277,"one-vs-normal against the frozen half's normal rows; budget 5.00% of the pool, n_ft=5276; TON_IoT's own attack types (schema_map.FAMILY_NATIVE_COL)"
phase7-recovery-f0.05,svm,target_frozen_test,native,mitm,42,518,25000,25518,0.020299,0.237437,0.364865,0.287671,0.917491,0.96332,0.670292,0.634423,"one-vs-normal against the frozen half's normal rows; budget 5.00% of the pool, n_ft=5276; TON_IoT's own attack types (schema_map.FAMILY_NATIVE_COL)"
phase7-recovery-f0.05,svm,target_frozen_test,native,password,42,10159,25000,35159,0.288945,0.942838,0.98553,0.963712,0.994223,0.978555,0.980625,0.974246,"one-vs-normal against the frozen half's normal rows; budget 5.00% of the pool, n_ft=5276; TON_IoT's own attack types (schema_map.FAMILY_NATIVE_COL)"
phase7-recovery-f0.05,svm,target_frozen_test,native,ransomware,42,9963,25000,34963,0.284958,0.94224,0.993877,0.96737,0.990351,0.980894,0.984799,0.976931,"one-vs-normal against the frozen half's normal rows; budget 5.00% of the pool, n_ft=5276; TON_IoT's own attack types (schema_map.FAMILY_NATIVE_COL)"
phase7-recovery-f0.05,svm,target_frozen_test,native,scanning,42,10034,25000,35034,0.286407,0.941404,0.971896,0.956407,0.989736,0.974625,0.973808,0.969255,"one-vs-normal against the frozen half's normal rows; budget 5.00% of the pool, n_ft=5276; TON_IoT's own attack types (schema_map.FAMILY_NATIVE_COL)"
phase7-recovery-f0.05,svm,target_frozen_test,native,xss,42,10007,25000,35007,0.285857,0.935439,0.878885,0.906281,0.98829,0.948039,0.927302,0.935168,"one-vs-normal against the frozen half's normal rows; budget 5.00% of the pool, n_ft=5276; TON_IoT's own attack types (schema_map.FAMILY_NATIVE_COL)"
phase7-recovery-f0.10,decision_tree,target_frozen_test,native,backdoor,42,9911,25000,34911,0.283893,0.951672,0.999395,0.97495,0.995261,0.98542,0.989637,0.982334,"one-vs-normal against the frozen half's normal rows; budget 10.00% of the pool, n_ft=10552; TON_IoT's own attack types (schema_map.FAMILY_NATIVE_COL)"
phase7-recovery-f0.10,decision_tree,target_frozen_test,native,ddos,42,9942,25000,34942,0.284529,0.950497,0.971434,0.960852,0.992072,0.977477,0.975657,0.972521,"one-vs-normal against the frozen half's normal rows; budget 10.00% of the pool, n_ft=10552; TON_IoT's own attack types (schema_map.FAMILY_NATIVE_COL)"
phase7-recovery-f0.10,decision_tree,target_frozen_test,native,dos,42,9893,25000,34893,0.283524,0.951146,0.989892,0.970132,0.993743,0.982719,0.984886,0.978987,"one-vs-normal against the frozen half's normal rows; budget 10.00% of the pool, n_ft=10552; TON_IoT's own attack types (schema_map.FAMILY_NATIVE_COL)"
phase7-recovery-f0.10,decision_tree,target_frozen_test,native,injection,42,10094,25000,35094,0.287628,0.952457,0.998316,0.974848,0.994799,0.985183,0.989098,0.982173,"one-vs-normal against the frozen half's normal rows; budget 10.00% of the pool, n_ft=10552; TON_IoT's own attack types (schema_map.FAMILY_NATIVE_COL)"
phase7-recovery-f0.10,decision_tree,target_frozen_test,native,mitm,42,518,25000,25518,0.020299,0.435466,0.749035,0.550745,0.974066,0.975194,0.864457,0.768995,"one-vs-normal against the frozen half's normal rows; budget 10.00% of the pool, n_ft=10552; TON_IoT's own attack types (schema_map.FAMILY_NATIVE_COL)"
phase7-recovery-f0.10,decision_tree,target_frozen_test,native,password,42,10159,25000,35159,0.288945,0.952766,0.99872,0.975202,0.994641,0.985324,0.9893,0.98239,"one-vs-normal against the frozen half's normal rows; budget 10.00% of the pool, n_ft=10552; TON_IoT's own attack types (schema_map.FAMILY_NATIVE_COL)"
phase7-recovery-f0.10,decision_tree,target_frozen_test,native,ransomware,42,9963,25000,34963,0.284958,0.950816,0.976011,0.963249,0.993958,0.978778,0.977946,0.974165,"one-vs-normal against the frozen half's normal rows; budget 10.00% of the pool, n_ft=10552; TON_IoT's own attack types (schema_map.FAMILY_NATIVE_COL)"
phase7-recovery-f0.10,decision_tree,target_frozen_test,native,scanning,42,10034,25000,35034,0.286407,0.952004,0.994319,0.972702,0.995146,0.984016,0.9871,0.9807,"one-vs-normal against the frozen half's normal rows; budget 10.00% of the pool, n_ft=10552; TON_IoT's own attack types (schema_map.FAMILY_NATIVE_COL)"
phase7-recovery-f0.10,decision_tree,target_frozen_test,native,xss,42,10007,25000,35007,0.285857,0.951406,0.984111,0.967482,0.993932,0.981089,0.981996,0.977075,"one-vs-normal against the frozen half's normal rows; budget 10.00% of the pool, n_ft=10552; TON_IoT's own attack types (schema_map.FAMILY_NATIVE_COL)"
phase7-recovery-f0.10,dummy,target_frozen_test,native,backdoor,42,9911,25000,34911,0.283893,0.283893,1.0,0.442238,0.5,0.283893,0.5,0.221119,"one-vs-normal against the frozen half's normal rows; budget 10.00% of the pool, n_ft=10552; TON_IoT's own attack types (schema_map.FAMILY_NATIVE_COL)"
phase7-recovery-f0.10,dummy,target_frozen_test,native,ddos,42,9942,25000,34942,0.284529,0.284529,1.0,0.443009,0.5,0.284529,0.5,0.221504,"one-vs-normal against the frozen half's normal rows; budget 10.00% of the pool, n_ft=10552; TON_IoT's own attack types (schema_map.FAMILY_NATIVE_COL)"
phase7-recovery-f0.10,dummy,target_frozen_test,native,dos,42,9893,25000,34893,0.283524,0.283524,1.0,0.44179,0.5,0.283524,0.5,0.220895,"one-vs-normal against the frozen half's normal rows; budget 10.00% of the pool, n_ft=10552; TON_IoT's own attack types (schema_map.FAMILY_NATIVE_COL)"
phase7-recovery-f0.10,dummy,target_frozen_test,native,injection,42,10094,25000,35094,0.287628,0.287628,1.0,0.446756,0.5,0.287628,0.5,0.223378,"one-vs-normal against the frozen half's normal rows; budget 10.00% of the pool, n_ft=10552; TON_IoT's own attack types (schema_map.FAMILY_NATIVE_COL)"
phase7-recovery-f0.10,dummy,target_frozen_test,native,mitm,42,518,25000,25518,0.020299,0.020299,1.0,0.039791,0.5,0.020299,0.5,0.019896,"one-vs-normal against the frozen half's normal rows; budget 10.00% of the pool, n_ft=10552; TON_IoT's own attack types (schema_map.FAMILY_NATIVE_COL)"
phase7-recovery-f0.10,dummy,target_frozen_test,native,password,42,10159,25000,35159,0.288945,0.288945,1.0,0.448343,0.5,0.288945,0.5,0.224171,"one-vs-normal against the frozen half's normal rows; budget 10.00% of the pool, n_ft=10552; TON_IoT's own attack types (schema_map.FAMILY_NATIVE_COL)"
phase7-recovery-f0.10,dummy,target_frozen_test,native,ransomware,42,9963,25000,34963,0.284958,0.284958,1.0,0.443529,0.5,0.284958,0.5,0.221765,"one-vs-normal against the frozen half's normal rows; budget 10.00% of the pool, n_ft=10552; TON_IoT's own attack types (schema_map.FAMILY_NATIVE_COL)"
phase7-recovery-f0.10,dummy,target_frozen_test,native,scanning,42,10034,25000,35034,0.286407,0.286407,1.0,0.445283,0.5,0.286407,0.5,0.222641,"one-vs-normal against the frozen half's normal rows; budget 10.00% of the pool, n_ft=10552; TON_IoT's own attack types (schema_map.FAMILY_NATIVE_COL)"
phase7-recovery-f0.10,dummy,target_frozen_test,native,xss,42,10007,25000,35007,0.285857,0.285857,1.0,0.444617,0.5,0.285857,0.5,0.222309,"one-vs-normal against the frozen half's normal rows; budget 10.00% of the pool, n_ft=10552; TON_IoT's own attack types (schema_map.FAMILY_NATIVE_COL)"
phase7-recovery-f0.10,random_forest,target_frozen_test,native,backdoor,42,9911,25000,34911,0.283893,0.954624,0.999798,0.976689,0.999329,0.986451,0.990479,0.98357,"one-vs-normal against the frozen half's normal rows; budget 10.00% of the pool, n_ft=10552; TON_IoT's own attack types (schema_map.FAMILY_NATIVE_COL)"
phase7-recovery-f0.10,random_forest,target_frozen_test,native,ddos,42,9942,25000,34942,0.284529,0.954422,0.992054,0.972874,0.997275,0.98426,0.986607,0.980894,"one-vs-normal against the frozen half's normal rows; budget 10.00% of the pool, n_ft=10552; TON_IoT's own attack types (schema_map.FAMILY_NATIVE_COL)"
phase7-recovery-f0.10,random_forest,target_frozen_test,native,dos,42,9893,25000,34893,0.283524,0.954458,0.997776,0.975636,0.998802,0.985871,0.989468,0.982843,"one-vs-normal against the frozen half's normal rows; budget 10.00% of the pool, n_ft=10552; TON_IoT's own attack types (schema_map.FAMILY_NATIVE_COL)"
phase7-recovery-f0.10,random_forest,target_frozen_test,native,injection,42,10094,25000,35094,0.287628,0.955351,0.998415,0.976408,0.999052,0.986123,0.989787,0.98329,"one-vs-normal against the frozen half's normal rows; budget 10.00% of the pool, n_ft=10552; TON_IoT's own attack types (schema_map.FAMILY_NATIVE_COL)"
phase7-recovery-f0.10,random_forest,target_frozen_test,native,mitm,42,518,25000,25518,0.020299,0.512422,0.955598,0.667116,0.991266,0.980641,0.968379,0.828573,"one-vs-normal against the frozen half's normal rows; budget 10.00% of the pool, n_ft=10552; TON_IoT's own attack types (schema_map.FAMILY_NATIVE_COL)"
phase7-recovery-f0.10,random_forest,target_frozen_test,native,password,42,10159,25000,35159,0.288945,0.955671,0.999508,0.977098,0.999071,0.986462,0.990334,0.983744,"one-vs-normal against the frozen half's normal rows; budget 10.00% of the pool, n_ft=10552; TON_IoT's own attack types (schema_map.FAMILY_NATIVE_COL)"
phase7-recovery-f0.10,random_forest,target_frozen_test,native,ransomware,42,9963,25000,34963,0.284958,0.954859,1.0,0.976908,0.999299,0.986529,0.99058,0.983699,"one-vs-normal against the frozen half's normal rows; budget 10.00% of the pool, n_ft=10552; TON_IoT's own attack types (schema_map.FAMILY_NATIVE_COL)"
phase7-recovery-f0.10,random_forest,target_frozen_test,native,scanning,42,10034,25000,35034,0.286407,0.955147,0.999601,0.976869,0.999282,0.986442,0.990381,0.98364,"one-vs-normal against the frozen half's normal rows; budget 10.00% of the pool, n_ft=10552; TON_IoT's own attack types (schema_map.FAMILY_NATIVE_COL)"
phase7-recovery-f0.10,random_forest,target_frozen_test,native,xss,42,10007,25000,35007,0.285857,0.954967,0.998101,0.976058,0.998797,0.986003,0.989631,0.983084,"one-vs-normal against the frozen half's normal rows; budget 10.00% of the pool, n_ft=10552; TON_IoT's own attack types (schema_map.FAMILY_NATIVE_COL)"
phase7-recovery-f0.10,scratch_logreg,target_frozen_test,native,backdoor,42,9911,25000,34911,0.283893,0.941999,0.999596,0.969943,0.999491,0.982412,0.987598,0.978756,"one-vs-normal against the frozen half's normal rows; budget 10.00% of the pool, n_ft=10552; TON_IoT's own attack types (schema_map.FAMILY_NATIVE_COL)"
phase7-recovery-f0.10,scratch_logreg,target_frozen_test,native,ddos,42,9942,25000,34942,0.284529,0.930855,0.825991,0.875293,0.977813,0.933032,0.900795,0.914759,"one-vs-normal against the frozen half's normal rows; budget 10.00% of the pool, n_ft=10552; TON_IoT's own attack types (schema_map.FAMILY_NATIVE_COL)"
phase7-recovery-f0.10,scratch_logreg,target_frozen_test,native,dos,42,9893,25000,34893,0.283524,0.935532,0.894774,0.914699,0.972467,0.952684,0.935187,0.940981,"one-vs-normal against the frozen half's normal rows; budget 10.00% of the pool, n_ft=10552; TON_IoT's own attack types (schema_map.FAMILY_NATIVE_COL)"
phase7-recovery-f0.10,scratch_logreg,target_frozen_test,native,injection,42,10094,25000,35094,0.287628,0.941363,0.97018,0.955554,0.98998,0.974041,0.97289,0.968611,"one-vs-normal against the frozen half's normal rows; budget 10.00% of the pool, n_ft=10552; TON_IoT's own attack types (schema_map.FAMILY_NATIVE_COL)"
phase7-recovery-f0.10,scratch_logreg,target_frozen_test,native,mitm,42,518,25000,25518,0.020299,0.26506,0.42471,0.326409,0.907608,0.964417,0.700155,0.654068,"one-vs-normal against the frozen half's normal rows; budget 10.00% of the pool, n_ft=10552; TON_IoT's own attack types (schema_map.FAMILY_NATIVE_COL)"
phase7-recovery-f0.10,scratch_logreg,target_frozen_test,native,password,42,10159,25000,35159,0.288945,0.942637,0.986711,0.964171,0.994827,0.978811,0.981156,0.974564,"one-vs-normal against the frozen half's normal rows; budget 10.00% of the pool, n_ft=10552; TON_IoT's own attack types (schema_map.FAMILY_NATIVE_COL)"
phase7-recovery-f0.10,scratch_logreg,target_frozen_test,native,ransomware,42,9963,25000,34963,0.284958,0.941971,0.993877,0.967228,0.991415,0.980808,0.984739,0.97683,"one-vs-normal against the frozen half's normal rows; budget 10.00% of the pool, n_ft=10552; TON_IoT's own attack types (schema_map.FAMILY_NATIVE_COL)"
phase7-recovery-f0.10,scratch_logreg,target_frozen_test,native,scanning,42,10034,25000,35034,0.286407,0.941176,0.972693,0.956675,0.994846,0.974767,0.974146,0.969438,"one-vs-normal against the frozen half's normal rows; budget 10.00% of the pool, n_ft=10552; TON_IoT's own attack types (schema_map.FAMILY_NATIVE_COL)"
phase7-recovery-f0.10,scratch_logreg,target_frozen_test,native,xss,42,10007,25000,35007,0.285857,0.935742,0.887679,0.911077,0.99024,0.950467,0.931639,0.938375,"one-vs-normal against the frozen half's normal rows; budget 10.00% of the pool, n_ft=10552; TON_IoT's own attack types (schema_map.FAMILY_NATIVE_COL)"
phase7-recovery-f0.10,scratch_mlp,target_frozen_test,native,backdoor,42,9911,25000,34911,0.283893,0.800567,0.997578,0.88828,0.995461,0.928762,0.949529,0.917995,"one-vs-normal against the frozen half's normal rows; budget 10.00% of the pool, n_ft=10552; TON_IoT's own attack types (schema_map.FAMILY_NATIVE_COL)"
phase7-recovery-f0.10,scratch_mlp,target_frozen_test,native,ddos,42,9942,25000,34942,0.284529,0.788147,0.921646,0.849685,0.966771,0.907218,0.911563,0.891292,"one-vs-normal against the frozen half's normal rows; budget 10.00% of the pool, n_ft=10552; TON_IoT's own attack types (schema_map.FAMILY_NATIVE_COL)"
phase7-recovery-f0.10,scratch_mlp,target_frozen_test,native,dos,42,9893,25000,34893,0.283524,0.782862,0.897604,0.836316,0.950292,0.900381,0.899542,0.88236,"one-vs-normal against the frozen half's normal rows; budget 10.00% of the pool, n_ft=10552; TON_IoT's own attack types (schema_map.FAMILY_NATIVE_COL)"
phase7-recovery-f0.10,scratch_mlp,target_frozen_test,native,injection,42,10094,25000,35094,0.287628,0.801483,0.98514,0.883872,0.976798,0.925543,0.94331,0.914539,"one-vs-normal against the frozen half's normal rows; budget 10.00% of the pool, n_ft=10552; TON_IoT's own attack types (schema_map.FAMILY_NATIVE_COL)"
phase7-recovery-f0.10,scratch_mlp,target_frozen_test,native,mitm,42,518,25000,25518,0.020299,0.090808,0.474903,0.152464,0.777018,0.892821,0.688192,0.547628,"one-vs-normal against the frozen half's normal rows; budget 10.00% of the pool, n_ft=10552; TON_IoT's own attack types (schema_map.FAMILY_NATIVE_COL)"
phase7-recovery-f0.10,scratch_mlp,target_frozen_test,native,password,42,10159,25000,35159,0.288945,0.794664,0.938281,0.860522,0.949965,0.912114,0.919881,0.898183,"one-vs-normal against the frozen half's normal rows; budget 10.00% of the pool, n_ft=10552; TON_IoT's own attack types (schema_map.FAMILY_NATIVE_COL)"
phase7-recovery-f0.10,scratch_mlp,target_frozen_test,native,ransomware,42,9963,25000,34963,0.284958,0.749822,0.740941,0.745355,0.956158,0.855733,0.821211,0.822356,"one-vs-normal against the frozen half's normal rows; budget 10.00% of the pool, n_ft=10552; TON_IoT's own attack types (schema_map.FAMILY_NATIVE_COL)"
phase7-recovery-f0.10,scratch_mlp,target_frozen_test,native,scanning,42,10034,25000,35034,0.286407,0.798528,0.972892,0.877128,0.983543,0.921933,0.937186,0.909961,"one-vs-normal against the frozen half's normal rows; budget 10.00% of the pool, n_ft=10552; TON_IoT's own attack types (schema_map.FAMILY_NATIVE_COL)"
phase7-recovery-f0.10,scratch_mlp,target_frozen_test,native,xss,42,10007,25000,35007,0.285857,0.796177,0.961427,0.871033,0.982241,0.918616,0.931454,0.905792,"one-vs-normal against the frozen half's normal rows; budget 10.00% of the pool, n_ft=10552; TON_IoT's own attack types (schema_map.FAMILY_NATIVE_COL)"
phase7-recovery-f0.10,svm,target_frozen_test,native,backdoor,42,9911,25000,34911,0.283893,0.943254,0.999596,0.970608,0.999727,0.982813,0.987878,0.979232,"one-vs-normal against the frozen half's normal rows; budget 10.00% of the pool, n_ft=10552; TON_IoT's own attack types (schema_map.FAMILY_NATIVE_COL)"
phase7-recovery-f0.10,svm,target_frozen_test,native,ddos,42,9942,25000,34942,0.284529,0.932142,0.823476,0.874446,0.978243,0.932717,0.899818,0.914246,"one-vs-normal against the frozen half's normal rows; budget 10.00% of the pool, n_ft=10552; TON_IoT's own attack types (schema_map.FAMILY_NATIVE_COL)"
phase7-recovery-f0.10,svm,target_frozen_test,native,dos,42,9893,25000,34893,0.283524,0.936864,0.893965,0.914912,0.972197,0.952856,0.935063,0.941154,"one-vs-normal against the frozen half's normal rows; budget 10.00% of the pool, n_ft=10552; TON_IoT's own attack types (schema_map.FAMILY_NATIVE_COL)"
phase7-recovery-f0.10,svm,target_frozen_test,native,injection,42,10094,25000,35094,0.287628,0.94272,0.971765,0.957022,0.988943,0.974896,0.973963,0.969646,"one-vs-normal against the frozen half's normal rows; budget 10.00% of the pool, n_ft=10552; TON_IoT's own attack types (schema_map.FAMILY_NATIVE_COL)"
phase7-recovery-f0.10,svm,target_frozen_test,native,mitm,42,518,25000,25518,0.020299,0.237852,0.359073,0.286154,0.914001,0.963634,0.667617,0.633748,"one-vs-normal against the frozen half's normal rows; budget 10.00% of the pool, n_ft=10552; TON_IoT's own attack types (schema_map.FAMILY_NATIVE_COL)"
phase7-recovery-f0.10,svm,target_frozen_test,native,password,42,10159,25000,35159,0.288945,0.943837,0.985924,0.964422,0.994786,0.978981,0.981042,0.974753,"one-vs-normal against the frozen half's normal rows; budget 10.00% of the pool, n_ft=10552; TON_IoT's own attack types (schema_map.FAMILY_NATIVE_COL)"
phase7-recovery-f0.10,svm,target_frozen_test,native,ransomware,42,9963,25000,34963,0.284958,0.942928,0.988357,0.965108,0.990704,0.979636,0.982258,0.975365,"one-vs-normal against the frozen half's normal rows; budget 10.00% of the pool, n_ft=10552; TON_IoT's own attack types (schema_map.FAMILY_NATIVE_COL)"
phase7-recovery-f0.10,svm,target_frozen_test,native,scanning,42,10034,25000,35034,0.286407,0.942427,0.972294,0.957127,0.991223,0.975053,0.974227,0.969768,"one-vs-normal against the frozen half's normal rows; budget 10.00% of the pool, n_ft=10552; TON_IoT's own attack types (schema_map.FAMILY_NATIVE_COL)"
phase7-recovery-f0.10,svm,target_frozen_test,native,xss,42,10007,25000,35007,0.285857,0.936488,0.878185,0.9064,0.989037,0.948153,0.927173,0.935273,"one-vs-normal against the frozen half's normal rows; budget 10.00% of the pool, n_ft=10552; TON_IoT's own attack types (schema_map.FAMILY_NATIVE_COL)"
phase7-recovery-f0.25,decision_tree,target_frozen_test,native,backdoor,42,9911,25000,34911,0.283893,0.96766,0.999294,0.983222,0.997587,0.990318,0.993027,0.988209,"one-vs-normal against the frozen half's normal rows; budget 25.00% of the pool, n_ft=26380; TON_IoT's own attack types (schema_map.FAMILY_NATIVE_COL)"
phase7-recovery-f0.25,decision_tree,target_frozen_test,native,ddos,42,9942,25000,34942,0.284529,0.967247,0.983203,0.97516,0.996122,0.985748,0.984981,0.982583,"one-vs-normal against the frozen half's normal rows; budget 25.00% of the pool, n_ft=26380; TON_IoT's own attack types (schema_map.FAMILY_NATIVE_COL)"
phase7-recovery-f0.25,decision_tree,target_frozen_test,native,dos,42,9893,25000,34893,0.283524,0.967234,0.987668,0.977344,0.996539,0.987017,0.987214,0.984123,"one-vs-normal against the frozen half's normal rows; budget 25.00% of the pool, n_ft=26380; TON_IoT's own attack types (schema_map.FAMILY_NATIVE_COL)"
phase7-recovery-f0.25,decision_tree,target_frozen_test,native,injection,42,10094,25000,35094,0.287628,0.967654,0.980979,0.974271,0.997081,0.985097,0.983869,0.981891,"one-vs-normal against the frozen half's normal rows; budget 25.00% of the pool, n_ft=26380; TON_IoT's own attack types (schema_map.FAMILY_NATIVE_COL)"
phase7-recovery-f0.25,decision_tree,target_frozen_test,native,mitm,42,518,25000,25518,0.020299,0.494656,0.625483,0.55243,0.982436,0.979426,0.806121,0.77095,"one-vs-normal against the frozen half's normal rows; budget 25.00% of the pool, n_ft=26380; TON_IoT's own attack types (schema_map.FAMILY_NATIVE_COL)"
phase7-recovery-f0.25,decision_tree,target_frozen_test,native,password,42,10159,25000,35159,0.288945,0.968078,0.988089,0.977981,0.997199,0.987144,0.987425,0.984452,"one-vs-normal against the frozen half's normal rows; budget 25.00% of the pool, n_ft=26380; TON_IoT's own attack types (schema_map.FAMILY_NATIVE_COL)"
phase7-recovery-f0.25,decision_tree,target_frozen_test,native,ransomware,42,9963,25000,34963,0.284958,0.967479,0.988357,0.977806,0.997081,0.987215,0.987558,0.984414,"one-vs-normal against the frozen half's normal rows; budget 25.00% of the pool, n_ft=26380; TON_IoT's own attack types (schema_map.FAMILY_NATIVE_COL)"
phase7-recovery-f0.25,decision_tree,target_frozen_test,native,scanning,42,10034,25000,35034,0.286407,0.968001,0.997907,0.982726,0.997375,0.989953,0.992334,0.987821,"one-vs-normal against the frozen half's normal rows; budget 25.00% of the pool, n_ft=26380; TON_IoT's own attack types (schema_map.FAMILY_NATIVE_COL)"
phase7-recovery-f0.25,decision_tree,target_frozen_test,native,xss,42,10007,25000,35007,0.285857,0.967606,0.988008,0.977701,0.996795,0.987117,0.987384,0.984321,"one-vs-normal against the frozen half's normal rows; budget 25.00% of the pool, n_ft=26380; TON_IoT's own attack types (schema_map.FAMILY_NATIVE_COL)"
phase7-recovery-f0.25,dummy,target_frozen_test,native,backdoor,42,9911,25000,34911,0.283893,0.283893,1.0,0.442238,0.5,0.283893,0.5,0.221119,"one-vs-normal against the frozen half's normal rows; budget 25.00% of the pool, n_ft=26380; TON_IoT's own attack types (schema_map.FAMILY_NATIVE_COL)"
phase7-recovery-f0.25,dummy,target_frozen_test,native,ddos,42,9942,25000,34942,0.284529,0.284529,1.0,0.443009,0.5,0.284529,0.5,0.221504,"one-vs-normal against the frozen half's normal rows; budget 25.00% of the pool, n_ft=26380; TON_IoT's own attack types (schema_map.FAMILY_NATIVE_COL)"
phase7-recovery-f0.25,dummy,target_frozen_test,native,dos,42,9893,25000,34893,0.283524,0.283524,1.0,0.44179,0.5,0.283524,0.5,0.220895,"one-vs-normal against the frozen half's normal rows; budget 25.00% of the pool, n_ft=26380; TON_IoT's own attack types (schema_map.FAMILY_NATIVE_COL)"
phase7-recovery-f0.25,dummy,target_frozen_test,native,injection,42,10094,25000,35094,0.287628,0.287628,1.0,0.446756,0.5,0.287628,0.5,0.223378,"one-vs-normal against the frozen half's normal rows; budget 25.00% of the pool, n_ft=26380; TON_IoT's own attack types (schema_map.FAMILY_NATIVE_COL)"
phase7-recovery-f0.25,dummy,target_frozen_test,native,mitm,42,518,25000,25518,0.020299,0.020299,1.0,0.039791,0.5,0.020299,0.5,0.019896,"one-vs-normal against the frozen half's normal rows; budget 25.00% of the pool, n_ft=26380; TON_IoT's own attack types (schema_map.FAMILY_NATIVE_COL)"
phase7-recovery-f0.25,dummy,target_frozen_test,native,password,42,10159,25000,35159,0.288945,0.288945,1.0,0.448343,0.5,0.288945,0.5,0.224171,"one-vs-normal against the frozen half's normal rows; budget 25.00% of the pool, n_ft=26380; TON_IoT's own attack types (schema_map.FAMILY_NATIVE_COL)"
phase7-recovery-f0.25,dummy,target_frozen_test,native,ransomware,42,9963,25000,34963,0.284958,0.284958,1.0,0.443529,0.5,0.284958,0.5,0.221765,"one-vs-normal against the frozen half's normal rows; budget 25.00% of the pool, n_ft=26380; TON_IoT's own attack types (schema_map.FAMILY_NATIVE_COL)"
phase7-recovery-f0.25,dummy,target_frozen_test,native,scanning,42,10034,25000,35034,0.286407,0.286407,1.0,0.445283,0.5,0.286407,0.5,0.222641,"one-vs-normal against the frozen half's normal rows; budget 25.00% of the pool, n_ft=26380; TON_IoT's own attack types (schema_map.FAMILY_NATIVE_COL)"
phase7-recovery-f0.25,dummy,target_frozen_test,native,xss,42,10007,25000,35007,0.285857,0.285857,1.0,0.444617,0.5,0.285857,0.5,0.222309,"one-vs-normal against the frozen half's normal rows; budget 25.00% of the pool, n_ft=26380; TON_IoT's own attack types (schema_map.FAMILY_NATIVE_COL)"
phase7-recovery-f0.25,random_forest,target_frozen_test,native,backdoor,42,9911,25000,34911,0.283893,0.971569,0.999899,0.98553,0.999602,0.991665,0.99415,0.989838,"one-vs-normal against the frozen half's normal rows; budget 25.00% of the pool, n_ft=26380; TON_IoT's own attack types (schema_map.FAMILY_NATIVE_COL)"
phase7-recovery-f0.25,random_forest,target_frozen_test,native,ddos,42,9942,25000,34942,0.284529,0.971381,0.990042,0.980623,0.99848,0.988867,0.989221,0.986406,"one-vs-normal against the frozen half's normal rows; budget 25.00% of the pool, n_ft=26380; TON_IoT's own attack types (schema_map.FAMILY_NATIVE_COL)"
phase7-recovery-f0.25,random_forest,target_frozen_test,native,dos,42,9893,25000,34893,0.283524,0.971482,0.998585,0.984847,0.999479,0.991288,0.993492,0.989367,"one-vs-normal against the frozen half's normal rows; budget 25.00% of the pool, n_ft=26380; TON_IoT's own attack types (schema_map.FAMILY_NATIVE_COL)"
phase7-recovery-f0.25,random_forest,target_frozen_test,native,injection,42,10094,25000,35094,0.287628,0.972029,0.998415,0.985045,0.999342,0.991281,0.993407,0.989446,"one-vs-normal against the frozen half's normal rows; budget 25.00% of the pool, n_ft=26380; TON_IoT's own attack types (schema_map.FAMILY_NATIVE_COL)"
phase7-recovery-f0.25,random_forest,target_frozen_test,native,mitm,42,518,25000,25518,0.020299,0.633375,0.967181,0.76547,0.994503,0.987969,0.977791,0.879648,"one-vs-normal against the frozen half's normal rows; budget 25.00% of the pool, n_ft=26380; TON_IoT's own attack types (schema_map.FAMILY_NATIVE_COL)"
phase7-recovery-f0.25,random_forest,target_frozen_test,native,password,42,10159,25000,35159,0.288945,0.972233,0.999508,0.985682,0.999474,0.99161,0.993954,0.989874,"one-vs-normal against the frozen half's normal rows; budget 25.00% of the pool, n_ft=26380; TON_IoT's own attack types (schema_map.FAMILY_NATIVE_COL)"
phase7-recovery-f0.25,random_forest,target_frozen_test,native,ransomware,42,9963,25000,34963,0.284958,0.971671,0.998394,0.984851,0.999515,0.991248,0.993397,0.989349,"one-vs-normal against the frozen half's normal rows; budget 25.00% of the pool, n_ft=26380; TON_IoT's own attack types (schema_map.FAMILY_NATIVE_COL)"
phase7-recovery-f0.25,random_forest,target_frozen_test,native,scanning,42,10034,25000,35034,0.286407,0.971894,0.999402,0.985456,0.999566,0.991551,0.993901,0.989751,"one-vs-normal against the frozen half's normal rows; budget 25.00% of the pool, n_ft=26380; TON_IoT's own attack types (schema_map.FAMILY_NATIVE_COL)"
phase7-recovery-f0.25,random_forest,target_frozen_test,native,xss,42,10007,25000,35007,0.285857,0.971776,0.997802,0.984617,0.999368,0.991087,0.993101,0.989172,"one-vs-normal against the frozen half's normal rows; budget 25.00% of the pool, n_ft=26380; TON_IoT's own attack types (schema_map.FAMILY_NATIVE_COL)"
phase7-recovery-f0.25,scratch_logreg,target_frozen_test,native,backdoor,42,9911,25000,34911,0.283893,0.943524,0.999596,0.970751,0.999579,0.982899,0.987938,0.979334,"one-vs-normal against the frozen half's normal rows; budget 25.00% of the pool, n_ft=26380; TON_IoT's own attack types (schema_map.FAMILY_NATIVE_COL)"
phase7-recovery-f0.25,scratch_logreg,target_frozen_test,native,ddos,42,9942,25000,34942,0.284529,0.932591,0.825186,0.875607,0.978425,0.933289,0.900733,0.915015,"one-vs-normal against the frozen half's normal rows; budget 25.00% of the pool, n_ft=26380; TON_IoT's own attack types (schema_map.FAMILY_NATIVE_COL)"
phase7-recovery-f0.25,scratch_logreg,target_frozen_test,native,dos,42,9893,25000,34893,0.283524,0.937209,0.894673,0.915447,0.972457,0.953142,0.935477,0.941519,"one-vs-normal against the frozen half's normal rows; budget 25.00% of the pool, n_ft=26380; TON_IoT's own attack types (schema_map.FAMILY_NATIVE_COL)"
phase7-recovery-f0.25,scratch_logreg,target_frozen_test,native,injection,42,10094,25000,35094,0.287628,0.942882,0.969784,0.956144,0.989489,0.974412,0.973032,0.96904,"one-vs-normal against the frozen half's normal rows; budget 25.00% of the pool, n_ft=26380; TON_IoT's own attack types (schema_map.FAMILY_NATIVE_COL)"
phase7-recovery-f0.25,scratch_logreg,target_frozen_test,native,mitm,42,518,25000,25518,0.020299,0.219737,0.322394,0.261346,0.906775,0.963007,0.649337,0.621187,"one-vs-normal against the frozen half's normal rows; budget 25.00% of the pool, n_ft=26380; TON_IoT's own attack types (schema_map.FAMILY_NATIVE_COL)"
phase7-recovery-f0.25,scratch_logreg,target_frozen_test,native,password,42,10159,25000,35159,0.288945,0.944099,0.985825,0.964511,0.994526,0.979038,0.981053,0.974819,"one-vs-normal against the frozen half's normal rows; budget 25.00% of the pool, n_ft=26380; TON_IoT's own attack types (schema_map.FAMILY_NATIVE_COL)"
phase7-recovery-f0.25,scratch_logreg,target_frozen_test,native,ransomware,42,9963,25000,34963,0.284958,0.943497,0.993877,0.968032,0.991906,0.981295,0.985079,0.977406,"one-vs-normal against the frozen half's normal rows; budget 25.00% of the pool, n_ft=26380; TON_IoT's own attack types (schema_map.FAMILY_NATIVE_COL)"
phase7-recovery-f0.25,scratch_logreg,target_frozen_test,native,scanning,42,10034,25000,35034,0.286407,0.9427,0.972294,0.957268,0.995102,0.975138,0.974287,0.969869,"one-vs-normal against the frozen half's normal rows; budget 25.00% of the pool, n_ft=26380; TON_IoT's own attack types (schema_map.FAMILY_NATIVE_COL)"
phase7-recovery-f0.25,scratch_logreg,target_frozen_test,native,xss,42,10007,25000,35007,0.285857,0.937388,0.887179,0.911593,0.990426,0.95081,0.931729,0.938759,"one-vs-normal against the frozen half's normal rows; budget 25.00% of the pool, n_ft=26380; TON_IoT's own attack types (schema_map.FAMILY_NATIVE_COL)"
phase7-recovery-f0.25,scratch_mlp,target_frozen_test,native,backdoor,42,9911,25000,34911,0.283893,0.829446,0.997578,0.905776,0.995744,0.941079,0.958129,0.931457,"one-vs-normal against the frozen half's normal rows; budget 25.00% of the pool, n_ft=26380; TON_IoT's own attack types (schema_map.FAMILY_NATIVE_COL)"
phase7-recovery-f0.25,scratch_mlp,target_frozen_test,native,ddos,42,9942,25000,34942,0.284529,0.808605,0.863911,0.835343,0.967513,0.903097,0.891295,0.883345,"one-vs-normal against the frozen half's normal rows; budget 25.00% of the pool, n_ft=26380; TON_IoT's own attack types (schema_map.FAMILY_NATIVE_COL)"
phase7-recovery-f0.25,scratch_mlp,target_frozen_test,native,dos,42,9893,25000,34893,0.283524,0.812558,0.890832,0.849896,0.962099,0.910784,0.904756,0.893213,"one-vs-normal against the frozen half's normal rows; budget 25.00% of the pool, n_ft=26380; TON_IoT's own attack types (schema_map.FAMILY_NATIVE_COL)"
phase7-recovery-f0.25,scratch_mlp,target_frozen_test,native,injection,42,10094,25000,35094,0.287628,0.829846,0.982267,0.899646,0.983648,0.936969,0.950473,0.926851,"one-vs-normal against the frozen half's normal rows; budget 25.00% of the pool, n_ft=26380; TON_IoT's own attack types (schema_map.FAMILY_NATIVE_COL)"
phase7-recovery-f0.25,scratch_mlp,target_frozen_test,native,mitm,42,518,25000,25518,0.020299,0.112615,0.498069,0.183695,0.844499,0.910142,0.708375,0.568075,"one-vs-normal against the frozen half's normal rows; budget 25.00% of the pool, n_ft=26380; TON_IoT's own attack types (schema_map.FAMILY_NATIVE_COL)"
phase7-recovery-f0.25,scratch_mlp,target_frozen_test,native,password,42,10159,25000,35159,0.288945,0.824241,0.938478,0.877658,0.977398,0.924401,0.928579,0.911479,"one-vs-normal against the frozen half's normal rows; budget 25.00% of the pool, n_ft=26380; TON_IoT's own attack types (schema_map.FAMILY_NATIVE_COL)"
phase7-recovery-f0.25,scratch_mlp,target_frozen_test,native,ransomware,42,9963,25000,34963,0.284958,0.784799,0.744153,0.763936,0.967883,0.868947,0.831417,0.836616,"one-vs-normal against the frozen half's normal rows; budget 25.00% of the pool, n_ft=26380; TON_IoT's own attack types (schema_map.FAMILY_NATIVE_COL)"
phase7-recovery-f0.25,scratch_mlp,target_frozen_test,native,scanning,42,10034,25000,35034,0.286407,0.827712,0.97339,0.89466,0.984111,0.934349,0.946035,0.923488,"one-vs-normal against the frozen half's normal rows; budget 25.00% of the pool, n_ft=26380; TON_IoT's own attack types (schema_map.FAMILY_NATIVE_COL)"
phase7-recovery-f0.25,scratch_mlp,target_frozen_test,native,xss,42,10007,25000,35007,0.285857,0.824408,0.953832,0.88441,0.981166,0.928729,0.936256,0.916446,"one-vs-normal against the frozen half's normal rows; budget 25.00% of the pool, n_ft=26380; TON_IoT's own attack types (schema_map.FAMILY_NATIVE_COL)"
phase7-recovery-f0.25,svm,target_frozen_test,native,backdoor,42,9911,25000,34911,0.283893,0.946137,0.999596,0.972132,0.999719,0.98373,0.988518,0.980322,"one-vs-normal against the frozen half's normal rows; budget 25.00% of the pool, n_ft=26380; TON_IoT's own attack types (schema_map.FAMILY_NATIVE_COL)"
phase7-recovery-f0.25,svm,target_frozen_test,native,ddos,42,9942,25000,34942,0.284529,0.935395,0.821364,0.874679,0.979618,0.933032,0.899402,0.914493,"one-vs-normal against the frozen half's normal rows; budget 25.00% of the pool, n_ft=26380; TON_IoT's own attack types (schema_map.FAMILY_NATIVE_COL)"
phase7-recovery-f0.25,svm,target_frozen_test,native,dos,42,9893,25000,34893,0.283524,0.940076,0.89437,0.916654,0.972613,0.953888,0.935905,0.94239,"one-vs-normal against the frozen half's normal rows; budget 25.00% of the pool, n_ft=26380; TON_IoT's own attack types (schema_map.FAMILY_NATIVE_COL)"
phase7-recovery-f0.25,svm,target_frozen_test,native,injection,42,10094,25000,35094,0.287628,0.945591,0.971072,0.958162,0.988388,0.975608,0.974256,0.970474,"one-vs-normal against the frozen half's normal rows; budget 25.00% of the pool, n_ft=26380; TON_IoT's own attack types (schema_map.FAMILY_NATIVE_COL)"
phase7-recovery-f0.25,svm,target_frozen_test,native,mitm,42,518,25000,25518,0.020299,0.204513,0.279923,0.236349,0.91286,0.963281,0.628681,0.608768,"one-vs-normal against the frozen half's normal rows; budget 25.00% of the pool, n_ft=26380; TON_IoT's own attack types (schema_map.FAMILY_NATIVE_COL)"
phase7-recovery-f0.25,svm,target_frozen_test,native,password,42,10159,25000,35159,0.288945,0.946677,0.985629,0.96576,0.994687,0.979806,0.981534,0.97572,"one-vs-normal against the frozen half's normal rows; budget 25.00% of the pool, n_ft=26380; TON_IoT's own attack types (schema_map.FAMILY_NATIVE_COL)"
phase7-recovery-f0.25,svm,target_frozen_test,native,ransomware,42,9963,25000,34963,0.284958,0.946111,0.993877,0.969406,0.991162,0.982124,0.985659,0.97839,"one-vs-normal against the frozen half's normal rows; budget 25.00% of the pool, n_ft=26380; TON_IoT's own attack types (schema_map.FAMILY_NATIVE_COL)"
phase7-recovery-f0.25,svm,target_frozen_test,native,scanning,42,10034,25000,35034,0.286407,0.945296,0.971298,0.95812,0.992057,0.975681,0.974369,0.970493,"one-vs-normal against the frozen half's normal rows; budget 25.00% of the pool, n_ft=26380; TON_IoT's own attack types (schema_map.FAMILY_NATIVE_COL)"
phase7-recovery-f0.25,svm,target_frozen_test,native,xss,42,10007,25000,35007,0.285857,0.93975,0.879085,0.908406,0.989056,0.949324,0.928262,0.936689,"one-vs-normal against the frozen half's normal rows; budget 25.00% of the pool, n_ft=26380; TON_IoT's own attack types (schema_map.FAMILY_NATIVE_COL)"
